Data,Modelo,Produto,Loja,Preco_USD,Preco_BRL,Codigo,Link_Produto,Link_Loja
2026-09-25 15:52:49,Celular Apple iPhone 17 Pro Max 256GB,Apple iPhone 17 Pro Max A3526 Dual 256 GB MFYN4BE/A - Cosmic Orange,Nissei,1335.0,6955.35,147805,https://www.comprasparaguai.com.br/apple-iphone-17-pro-max-a3526-dual-256-gb-mfyn4bea-cosmic-orange__5063595/,https://nissei.com/br/
2026-09-25 15:52:49,Celular Apple iPhone 17 Pro Max 256GB,Apple iPhone 17 Pro Max A3526 Dual 256 GB MFYP4BE/A - Deep Blue,Nissei,1335.0,6955.35,150913,https://www.comprasparaguai.com.br/apple-iphone-17-pro-max-a3526-dual-256-gb-mfyp4bea-deep-blue__5150876/,https://nissei.com/br/
2026-09-25 15:52:49,Celular Apple iPhone 17 Pro Max 256GB,Apple iPhone 17 Pro Max 256GB A3257 LL Tela Super Retina XDR 6.9 / Cam Tripla 48+48+48MP/18MP Center Stage / Ios 26 - Cosmic Orange,One Click,1330.0,6929.3,68451,https://www.comprasparaguai.com.br/apple-iphone-17-pro-max-256gb-a3257-ll-tela-super-retina-xdr-69-cam-tripla-484848mp18mp-center-stage-ios-26-cosmic-orange__5046733/,https://oneclick.com.py/
2026-09-25 15:52:49,Celular Apple iPhone 17 Pro Max 256GB,Apple iPhone 17 Pro Max 256GB A3257 LL Tela Super Retina XDR 6.9 / Cam Tripla 48+48+48MP/18MP Center Stage / Ios 26 - Silver,One Click,1330.0,6929.3,68468,https://www.comprasparaguai.com.br/apple-iphone-17-pro-max-256gb-a3257-ll-tela-super-retina-xdr-69-cam-tripla-484848mp18mp-center-stage-ios-26-silver__5046668/,https://oneclick.com.py/
2026-09-25 15:52:49,Celular Apple iPhone 17 Pro Max 256GB,Apple iPhone 17 Pro Max 256GB A3257 LL Tela Super Retina XDR 6.9 / Cam Tripla 48+48+48MP/18MP Center Stage / Ios 26 - Deep Blue,One Click,1330.0,6929.3,68475,https://www.comprasparaguai.com.br/apple-iphone-17-pro-max-256gb-a3257-ll-tela-super-retina-xdr-69-cam-tripla-484848mp18mp-center-stage-ios-26-deep-blue__5046669/,https://oneclick.com.py/
2026-09-25 15:52:49,Celular Apple iPhone 17 Pro Max 256GB,iPhone 17 Pro Max 256GB Silver A3257,Star Games,1330.0,6929.3,174145,https://www.comprasparaguai.com.br/iphone-17-pro-max-256gb-silver-a3257__5057653/,http://stargamespy.com/
2026-09-25 15:52:49,Celular Apple iPhone 17 Pro Max 256GB,iPhone 17 Pro Max 256GB Orange A3257,Star Games,1330.0,6929.3,174121,https://www.comprasparaguai.com.br/iphone-17-pro-max-256gb-orange-a3257__5057650/,http://stargamespy.com/
2026-09-25 15:52:49,Celular Apple iPhone 17 Pro Max 256GB,iPhone 17 Pro Max 256GB Blue A3257,Star Games,1330.0,6929.3,174138,https://www.comprasparaguai.com.br/iphone-17-pro-max-256gb-blue-a3257__5057644/,http://stargamespy.com/
2026-09-25 15:52:49,Celular Apple iPhone 17 Pro Max 256GB,iPhone 17 Pro Max 256GB Silver A3526 Anatel e-Sim+Sim,Mundo do Celular,1449.0,7549.29,154659,https://www.comprasparaguai.com.br/iphone-17-pro-max-256gb-silver-a3526-anatel-e-simsim__5330163/,http://www.mundodocelular.com/
2026-09-25 15:52:49,Celular Apple iPhone 17 Pro Max 256GB,Celular Appel iPhone 17 Pro Max - 256GB - Canadá - Laranja,Mario Cell,1440.0,7502.4,125659,https://www.comprasparaguai.com.br/celular-appel-iphone-17-pro-max-256gb-canada-laranja__5218132/,https://www.mariocell.com/
2026-09-25 15:52:49,Celular Apple iPhone 17 Pro Max 256GB,Celular Apple iPhone 17 Pro Max 256GB Silver LL Lacrado Esim,MultiPass,1330.0,6929.3,141354,https://www.comprasparaguai.com.br/celular-apple-iphone-17-pro-max-256gb-silver-ll-lacrado-esim__5169019/,https://multipass.com.py/
2026-09-25 15:52:49,Celular Apple iPhone 17 Pro Max 256GB,Celular Apple iPhone 17 Pro Max 256GB Cosmic Orange LL Lacrado Esim,MultiPass,1330.0,6929.3,141343,https://www.comprasparaguai.com.br/celular-apple-iphone-17-pro-max-256gb-cosmic-orange-ll-lacrado-esim__5169021/,https://multipass.com.py/
2026-09-25 15:52:49,Celular Apple iPhone 17 Pro Max 256GB,Apple iPhone 17 Pro Max 256GB Esim LL - Deep Blue,Matrix Importados,1330.0,6929.3,49785,https://www.comprasparaguai.com.br/apple-iphone-17-pro-max-256gb-esim-ll-deep-blue__5394829/,http://matriximportados.com.br
2026-09-25 15:52:49,Celular Apple iPhone 17 Pro Max 256GB,Apple iPhone 17 Pro Max 256GB Esim LL - Silver,Matrix Importados,1330.0,6929.3,49782,https://www.comprasparaguai.com.br/apple-iphone-17-pro-max-256gb-esim-ll-silver__5394832/,http://matriximportados.com.br
2026-09-25 15:52:49,Celular Apple iPhone 17 Pro Max 256GB,Apple iPhone 17 Pro Max 256GB Esim LL - Cosmic Orange,Matrix Importados,1330.0,6929.3,50371,https://www.comprasparaguai.com.br/apple-iphone-17-pro-max-256gb-esim-ll-cosmic-orange__5394879/,http://matriximportados.com.br
2026-09-25 15:52:49,Celular Apple iPhone 17 Pro Max 256GB,Apple iPhone 17 Pro Max 256GB Orange Anatel,Matrix Importados,1345.0,7007.45,74295,https://www.comprasparaguai.com.br/apple-iphone-17-pro-max-256gb-orange-anatel__5512955/,http://matriximportados.com.br
2026-09-25 15:52:49,Celular Apple iPhone 17 Pro Max 256GB,Apple iPhone 17 Pro Max 256GB Silver Anatel,Matrix Importados,1345.0,7007.45,74294,https://www.comprasparaguai.com.br/apple-iphone-17-pro-max-256gb-silver-anatel__5512959/,http://matriximportados.com.br
2026-09-25 15:52:49,Celular Apple iPhone 17 Pro Max 256GB,iPhone 17 Pro Max 256GB Americano Orange,Star Company,1330.0,6929.3,125376,https://www.comprasparaguai.com.br/iphone-17-pro-max-256gb-americano-orange__5386211/,https://www.starcompany-py.com/
2026-09-25 15:52:49,Celular Apple iPhone 17 Pro Max 256GB,iPhone 17 Pro Max 256GB Americano Blue,Star Company,1330.0,6929.3,125352,https://www.comprasparaguai.com.br/iphone-17-pro-max-256gb-americano-blue__5386209/,https://www.starcompany-py.com/
2026-09-25 15:52:49,Celular Apple iPhone 17 Pro Max 256GB,iPhone 17 Pro Max 256GB Americano Silver,Star Company,1330.0,6929.3,125369,https://www.comprasparaguai.com.br/iphone-17-pro-max-256gb-americano-silver__5386210/,https://www.starcompany-py.com/
2026-09-25 15:52:49,Celular Apple iPhone 17 Pro Max 256GB,Apple iPhone 17 Pro Max 256GB MFXG4LL/A Silver Ame,Topdek Informática,1330.0,6929.3,379333,https://www.comprasparaguai.com.br/apple-iphone-17-pro-max-256gb-mfxg4lla-silver-ame__5231676/,https://topdekinformatica.com.br/
2026-09-25 15:52:49,Celular Apple iPhone 17 Pro Max 256GB,Apple iPhone 17 Pro Max 256GB MFXJ4LL/A Blue Deep Blue A3257,Topdek Informática,1330.0,6929.3,374058,https://www.comprasparaguai.com.br/apple-iphone-17-pro-max-256gb-mfxj4lla-blue-deep-blue-a3257__5206619/,https://topdekinformatica.com.br/
2026-09-25 15:52:49,Celular Apple iPhone 17 Pro Max 256GB,Apple iPhone 17 Pro Max 256GB MFXH4LL/A Orange A3257,Topdek Informática,1330.0,6929.3,375474,https://www.comprasparaguai.com.br/apple-iphone-17-pro-max-256gb-mfxh4lla-orange-a3257__5211661/,https://topdekinformatica.com.br/
2026-09-25 15:52:49,Celular Apple iPhone 17 Pro Max 256GB,"Apple iPhone 17 Pro Max Be/A3526 6.9"" 256GB - Deep Blue",Atlantico Shop,1330.0,6929.3,469845,https://www.comprasparaguai.com.br/apple-iphone-17-pro-max-bea3526-69-256gb-deep-blue__5546085/,https://www.atlanticoshop.com/
2026-09-25 15:52:49,Celular Apple iPhone 17 Pro Max 256GB,Apple iPhone 17 Pro Max 256GB Laranja Esim A3257-LL,Alborada,1330.0,6929.3,0-801692,https://www.comprasparaguai.com.br/apple-iphone-17-pro-max-256gb-laranja-esim-a3257-ll__5408651/,http://www.alboradainfo.com/
2026-09-25 15:52:49,Celular Apple iPhone 17 Pro Max 256GB,Celular iPhone 17 Pro Max 256GB MFXH4LL/A Laranja,WB Shop,1349.0,7028.29,2284,https://www.comprasparaguai.com.br/celular-iphone-17-pro-max-256gb-mfxh4lla-laranja__5129166/,https://wbshop.com.py/
2026-09-25 15:52:49,Celular Apple iPhone 17 Pro Max 256GB,Apple iPhone 17 Pro Max 256GB Azul Esim A3257-LL,Alborada,1330.0,6929.3,0-801681,https://www.comprasparaguai.com.br/apple-iphone-17-pro-max-256gb-azul-esim-a3257-ll__5408090/,http://www.alboradainfo.com/
2026-09-25 15:52:49,Celular Apple iPhone 17 Pro Max 256GB,Apple iPhone 17 Pro Max 256GB Prata Esim A3257-LL,Alborada,1330.0,6929.3,0-801705,https://www.comprasparaguai.com.br/apple-iphone-17-pro-max-256gb-prata-esim-a3257-ll__5408397/,http://www.alboradainfo.com/
2026-09-25 15:52:49,Celular Apple iPhone 17 Pro Max 256GB,iPhone 17 Pro Max 256GB A3257 LL/A Esim Cosmic Orange,Best Shop Paraguai,1330.0,6929.3,147521,https://www.comprasparaguai.com.br/iphone-17-pro-max-256gb-a3257-lla-esim-cosmic-orange__5019780/,http://www.bestshop.com.py/
2026-09-25 15:52:49,Celular Apple iPhone 17 Pro Max 256GB,iPhone 17 Pro Max 256GB A3525 Ah/A Esim Cosmic Orange,Best Shop Paraguai,1330.0,6929.3,168823,https://www.comprasparaguai.com.br/iphone-17-pro-max-256gb-a3525-aha-esim-cosmic-orange__5542748/,http://www.bestshop.com.py/
2026-09-25 15:52:49,Celular Apple iPhone 17 Pro Max 256GB,iPhone 17 Pro Max 256GB A3526 Be/A Cosmic Orange Sim Fisico + Esim,Best Shop Paraguai,1345.0,7007.45,149556,https://www.comprasparaguai.com.br/iphone-17-pro-max-256gb-a3526-bea-cosmic-orange-sim-fisico-esim__5060971/,http://www.bestshop.com.py/
2026-09-25 15:52:49,Celular Apple iPhone 17 Pro Max 256GB,iPhone 17 Pro Max 256GB A3525 VC/A Esim Deep Blue,Best Shop Paraguai,1330.0,6929.3,148443,https://www.comprasparaguai.com.br/iphone-17-pro-max-256gb-a3525-vca-esim-deep-blue__5047079/,http://www.bestshop.com.py/
2026-09-25 15:52:49,Celular Apple iPhone 17 Pro Max 256GB,iPhone 17 Pro Max 256GB A3525 Ah/A Esim Deep Blue,Best Shop Paraguai,1330.0,6929.3,170284,https://www.comprasparaguai.com.br/iphone-17-pro-max-256gb-a3525-aha-esim-deep-blue__5591014/,http://www.bestshop.com.py/
2026-09-25 15:52:49,Celular Apple iPhone 17 Pro Max 256GB,"Celular Apple iPhone 17 Pro Max A3526 Be 256GB 12GB Ram Tela 6.9"" 48MP - Laranja",Super Games,1350.0,7033.5,348607,https://www.comprasparaguai.com.br/celular-apple-iphone-17-pro-max-a3526-be-256gb-12gb-ram-tela-69-48mp-laranja__5349877/,http://www.supergames.com.py/br/
2026-09-25 15:52:49,Celular Apple iPhone 17 Pro Max 256GB,iPhone 17 Pro Max 256GB A3525 4J/A Esim Cosmic Orange,Best Shop Paraguai,1330.0,6929.3,149358,https://www.comprasparaguai.com.br/iphone-17-pro-max-256gb-a3525-4ja-esim-cosmic-orange__5058819/,http://www.bestshop.com.py/
2026-09-25 15:52:49,Celular Apple iPhone 17 Pro Max 256GB,iPhone 17 Pro Max 256GB A3257 LL/A Esim Silver,Best Shop Paraguai,1330.0,6929.3,147538,https://www.comprasparaguai.com.br/iphone-17-pro-max-256gb-a3257-lla-esim-silver__5019782/,http://www.bestshop.com.py/
2026-09-25 15:52:49,Celular Apple iPhone 17 Pro Max 256GB,iPhone 17 Pro Max 256GB A3257 LL/A Esim Deep Blue,Best Shop Paraguai,1330.0,6929.3,147545,https://www.comprasparaguai.com.br/iphone-17-pro-max-256gb-a3257-lla-esim-deep-blue__5016814/,http://www.bestshop.com.py/
2026-09-25 15:52:49,Celular Apple iPhone 17 Pro Max 256GB,"Celular Apple iPhone 17 Pro Max A3526 Be 256GB 12GB Ram Tela 6.9"" 48MP - Azul",Super Games,1350.0,7033.5,353779,https://www.comprasparaguai.com.br/celular-apple-iphone-17-pro-max-a3526-be-256gb-12gb-ram-tela-69-48mp-azul__5349876/,http://www.supergames.com.py/br/
2026-09-25 15:52:49,Celular Apple iPhone 17 Pro Max 256GB,iPhone 17 Pro Max 256GB A3525 VC/A Esim Cosmic Orange,Best Shop Paraguai,1330.0,6929.3,148788,https://www.comprasparaguai.com.br/iphone-17-pro-max-256gb-a3525-vca-esim-cosmic-orange__5046287/,http://www.bestshop.com.py/
2026-09-25 15:52:49,Celular Apple iPhone 17 Pro Max 256GB,Apple iPhone 17 Pro Max 256GB JP - Silver,Xcell,1330.0,6929.3,34016,https://www.comprasparaguai.com.br/apple-iphone-17-pro-max-256gb-jp-silver__5371251/,https://xcell.com.py/
2026-09-25 15:52:49,Celular Apple iPhone 17 Pro Max 256GB,Cel Apple iPhone 17 Pro Max 256GB Silver MFXG4LL/A,ASM Group,1350.0,7033.5,5576,https://www.comprasparaguai.com.br/cel-apple-iphone-17-pro-max-256gb-silver-mfxg4lla__5199129/,https://asmgroup.com.py/
2026-09-25 15:52:49,Celular Apple iPhone 17 Pro Max 256GB,Cel iPhone 17 Pro Max 512GB Silver New Usa,Cell World,1610.0,8388.1,60529631,https://www.comprasparaguai.com.br/cel-iphone-17-pro-max-512gb-silver-new-usa__5225055/,https://www.cellworldimport.com/
2026-09-25 15:52:49,Celular Apple iPhone 17 Pro Max 256GB,Apple iPhone 17 Pro Max 256GB JP - Orange,Xcell,1330.0,6929.3,34018,https://www.comprasparaguai.com.br/apple-iphone-17-pro-max-256gb-jp-orange__5371252/,https://xcell.com.py/
2026-09-25 15:52:49,Celular Apple iPhone 17 Pro Max 256GB,Apple iPhone 17 Pro Max A3257 Dual 256 GB - Deep Blue,Ushuaia Center,1330.0,6929.3,7356,https://www.comprasparaguai.com.br/apple-iphone-17-pro-max-a3257-dual-256-gb-deep-blue__5536028/,https://ushuaiacenter.com.py
2026-09-25 15:52:49,Celular Apple iPhone 17 Pro Max 256GB,Apple iPhone 17 Pro Max 256GB A3257 LL/A Esim - Silver,Xcell,1330.0,6929.3,33323,https://www.comprasparaguai.com.br/apple-iphone-17-pro-max-256gb-a3257-lla-esim-silver__5335642/,https://xcell.com.py/
2026-09-25 15:52:49,Celular Apple iPhone 17 Pro Max 256GB,Apple iPhone 17 Pro Max 256GB Americano (Esim) - Blue,Mestre,1330.0,6929.3,15500,https://www.comprasparaguai.com.br/apple-iphone-17-pro-max-256gb-americano-esim-blue__5015239/,https://www.mestreatacado.com/
2026-09-25 15:52:49,Celular Apple iPhone 17 Pro Max 256GB,Apple iPhone 17 Pro Max 256GB Americano (Esim) - Orange,Mestre,1330.0,6929.3,15510,https://www.comprasparaguai.com.br/apple-iphone-17-pro-max-256gb-americano-esim-orange__5018564/,https://www.mestreatacado.com/
2026-09-25 15:52:49,Celular Apple iPhone 17 Pro Max 256GB,iPhone 17 Pro Max Esim 256GB Cosmic Orange LL,Orbe Import,1330.0,6929.3,16148,https://www.comprasparaguai.com.br/iphone-17-pro-max-esim-256gb-cosmic-orange-ll__5368293/,https://orbeimport.com/
2026-09-25 15:52:49,Celular Apple iPhone 17 Pro Max 256GB,iPhone 17 Pro Max Esim 256GB Silver LL,Orbe Import,1330.0,6929.3,16162,https://www.comprasparaguai.com.br/iphone-17-pro-max-esim-256gb-silver-ll__5368291/,https://orbeimport.com/
2026-09-25 15:52:49,Celular Apple iPhone 17 Pro Max 256GB,Apple iPhone 17 Pro Max 256GB A3257 LL/A Esim - Deep Blue,Xcell,1330.0,6929.3,33320,https://www.comprasparaguai.com.br/apple-iphone-17-pro-max-256gb-a3257-lla-esim-deep-blue__5335641/,https://xcell.com.py/
2026-09-25 15:52:49,Celular Apple iPhone 17 Pro Max 256GB,iPhone 17 Pro Max 256GB Deep Blue,Empire Shop,1450.0,7554.5,1150-1,https://www.comprasparaguai.com.br/iphone-17-pro-max-256gb-deep-blue__5279014/,https://www.empireshop.com.py/
2026-09-25 15:52:49,Celular Apple iPhone 17 Pro Max 256GB,Apple iPhone 17 Pro Max 256GB JP - Blue,Xcell,1330.0,6929.3,34017,https://www.comprasparaguai.com.br/apple-iphone-17-pro-max-256gb-jp-blue__5371250/,https://xcell.com.py/
2026-09-25 15:52:49,Celular Apple iPhone 17 Pro Max 256GB,iPhone 17 Pro Max Esim 256GB Deep Blue LL,Orbe Import,1330.0,6929.3,16155,https://www.comprasparaguai.com.br/iphone-17-pro-max-esim-256gb-deep-blue-ll__5368292/,https://orbeimport.com/
2026-09-25 15:52:49,Celular Apple iPhone 17 Pro Max 256GB,Cel iPhone 17 Pro Max 512GB Blue New Usa,Cell World,1644.99,8570.4,60529668,https://www.comprasparaguai.com.br/cel-iphone-17-pro-max-512gb-blue-new-usa__5224768/,https://www.cellworldimport.com/
2026-09-25 15:52:49,Celular Apple iPhone 17 Pro Max 256GB,Apple iPhone 17 Pro Max 256GB Americano (Esim) - Silver,Mestre,1330.0,6929.3,15514,https://www.comprasparaguai.com.br/apple-iphone-17-pro-max-256gb-americano-esim-silver__5020365/,https://www.mestreatacado.com/
2026-09-25 15:52:49,Celular Apple iPhone 17 Pro Max 256GB,Apple iPhone 17 Pro Max 256GB A3257 LL/A Esim - Orange,Xcell,1330.0,6929.3,33324,https://www.comprasparaguai.com.br/apple-iphone-17-pro-max-256gb-a3257-lla-esim-orange__5335643/,https://xcell.com.py/
2026-09-25 15:52:49,Celular Apple iPhone 17 Pro Max 256GB,iPhone 17 Pro Max 256GB Silver JP,Empire Shop,1450.0,7554.5,1595-0,https://www.comprasparaguai.com.br/iphone-17-pro-max-256gb-silver-jp__5279017/,https://www.empireshop.com.py/
2026-09-25 15:52:49,Celular Apple iPhone 17 Pro Max 512GB,Apple iPhone 17 Pro Max A3526 Dual 512 GB MFYU4BE/A - Deep Blue,Nissei,1620.0,8440.2,154798,https://www.comprasparaguai.com.br/apple-iphone-17-pro-max-a3526-dual-512-gb-mfyu4bea-deep-blue__5220337/,https://nissei.com/br/
2026-09-25 15:52:49,Celular Apple iPhone 17 Pro Max 512GB,Apple iPhone 17 Pro Max A3257 Dual 512 GB - Silver,Nissei,1620.0,8440.2,145678,https://www.comprasparaguai.com.br/apple-iphone-17-pro-max-a3257-dual-512-gb-silver__5016337/,https://nissei.com/br/
2026-09-25 15:52:49,Celular Apple iPhone 17 Pro Max 512GB,Apple iPhone 17 Pro Max A3257 Dual 512 GB - Cosmic Orange,Nissei,1590.0,8283.9,145676,https://www.comprasparaguai.com.br/apple-iphone-17-pro-max-a3257-dual-512-gb-cosmic-orange__5016335/,https://nissei.com/br/
2026-09-25 15:52:49,Celular Apple iPhone 17 Pro Max 512GB,Apple iPhone 17 Pro Max 512GB Deep Blue MFYE4J (Esim),Cellshop,1545.0,8049.45,5432943,https://www.comprasparaguai.com.br/apple-iphone-17-pro-max-512gb-deep-blue-mfye4j-esim__5164358/,http://www.cellshop.com/
2026-09-25 15:52:49,Celular Apple iPhone 17 Pro Max 512GB,Apple iPhone 17 Pro Max 512GB Cosmic Orange MFYT4BE (Nano Sim-Esim) Anatel Garantia Brasil,Cellshop,1540.0,8023.4,6011543,https://www.comprasparaguai.com.br/apple-iphone-17-pro-max-512gb-cosmic-orange-mfyt4be-nano-sim-esim-anatel-garantia-brasil__5591954/,http://www.cellshop.com/
2026-09-25 15:52:49,Celular Apple iPhone 17 Pro Max 512GB,Apple iPhone 17 Pro Max 512GB Deep Blue MFXM4LL (Esim),Cellshop,1550.0,8075.5,5370320,https://www.comprasparaguai.com.br/apple-iphone-17-pro-max-512gb-deep-blue-mfxm4ll-esim__5020878/,http://www.cellshop.com/
2026-09-25 15:52:49,Celular Apple iPhone 17 Pro Max 512GB,iPhone 17 Pro Max 512GB Orange A3257,Star Games,1535.0,7997.35,174152,https://www.comprasparaguai.com.br/iphone-17-pro-max-512gb-orange-a3257__5057649/,http://stargamespy.com/
2026-09-25 15:52:49,Celular Apple iPhone 17 Pro Max 512GB,iPhone 17 Pro Max 512GB Blue A3257,Star Games,1545.0,8049.45,174176,https://www.comprasparaguai.com.br/iphone-17-pro-max-512gb-blue-a3257__5057643/,http://stargamespy.com/
2026-09-25 15:52:49,Celular Apple iPhone 17 Pro Max 512GB,Celular Apple iPhone 17 Pro Max A3257 MFXL4LL/A 512GB Cosmic Orange,Shopping China,1600.0,8336.0,1011082,https://www.comprasparaguai.com.br/celular-apple-iphone-17-pro-max-a3257-mfxl4lla-512gb-cosmic-orange__5016708/,https://www.shoppingchina.com.br/
2026-09-25 15:52:49,Celular Apple iPhone 17 Pro Max 512GB,Celular Apple iPhone 17 Pro Max 512GB Silver JP,Shopping China,1600.0,8336.0,1017031,https://www.comprasparaguai.com.br/celular-apple-iphone-17-pro-max-512gb-silver-jp__5488762/,https://www.shoppingchina.com.br/
2026-09-25 15:52:49,Celular Apple iPhone 17 Pro Max 512GB,Celular Apple iPhone 17 Pro Max A3257 MFXM4LL/A 512GB Deep Blue,Shopping China,1610.0,8388.1,1011086,https://www.comprasparaguai.com.br/celular-apple-iphone-17-pro-max-a3257-mfxm4lla-512gb-deep-blue__5016711/,https://www.shoppingchina.com.br/
2026-09-25 15:52:49,Celular Apple iPhone 17 Pro Max 512GB,Celular Apple iPhone 17 Pro Max 512GB Orange,Shopping China,1560.0,8127.6,1079227,https://www.comprasparaguai.com.br/celular-apple-iphone-17-pro-max-512gb-orange__5488855/,https://www.shoppingchina.com.br/
2026-09-25 15:52:49,Celular Apple iPhone 17 Pro Max 512GB,Celular Apple iPhone 17 Pro Max A3525 MFYD4J/A 512GB Cosmic Orange,Shopping China,1600.0,8336.0,1017035,https://www.comprasparaguai.com.br/celular-apple-iphone-17-pro-max-a3525-mfyd4ja-512gb-cosmic-orange__5186137/,https://www.shoppingchina.com.br/
2026-09-25 15:52:49,Celular Apple iPhone 17 Pro Max 512GB,Celular Apple iPhone 17 Pro Max 512GB Orange Be/A,Shopping China,1625.0,8466.25,1054389,https://www.comprasparaguai.com.br/celular-apple-iphone-17-pro-max-512gb-orange-bea__5364545/,https://www.shoppingchina.com.br/
2026-09-25 15:52:49,Celular Apple iPhone 17 Pro Max 512GB,Celular Apple iPhone 17 Pro Max 512GB Deep Blue JP,Shopping China,1615.0,8414.15,1017030,https://www.comprasparaguai.com.br/celular-apple-iphone-17-pro-max-512gb-deep-blue-jp__5238457/,https://www.shoppingchina.com.br/
2026-09-25 15:52:49,Celular Apple iPhone 17 Pro Max 512GB,iPhone 17 Pro Max 512GB Orange A3526 c/Chip + e- Sim Anatel,Mundo do Celular,1640.0,8544.4,154819,https://www.comprasparaguai.com.br/iphone-17-pro-max-512gb-orange-a3526-cchip-e-sim-anatel__5268185/,http://www.mundodocelular.com/
2026-09-25 15:52:49,Celular Apple iPhone 17 Pro Max 512GB,Apple iPhone 17 Pro Max 512GB Jap-Esim Silver,Melody,1550.0,8075.5,7133-8,https://www.comprasparaguai.com.br/apple-iphone-17-pro-max-512gb-jap-esim-silver__5049188/,https://melody.com.py/
2026-09-25 15:52:49,Celular Apple iPhone 17 Pro Max 512GB,Apple iPhone 17 Pro Max 512GB Ah -Esim Orange,Melody,1520.0,7919.2,7419-3,https://www.comprasparaguai.com.br/apple-iphone-17-pro-max-512gb-ah-esim-orange__5550223/,https://melody.com.py/
2026-09-25 15:52:49,Celular Apple iPhone 17 Pro Max 512GB,Apple iPhone 17 Pro Max 512GB Ah -Esim Blue,Melody,1525.0,7945.25,7418-6,https://www.comprasparaguai.com.br/apple-iphone-17-pro-max-512gb-ah-esim-blue__5550224/,https://melody.com.py/
2026-09-25 15:52:49,Celular Apple iPhone 17 Pro Max 512GB,Celular Apple iPhone 17 Pro Max 512GB Silver LL Lacrado Esim,MultiPass,1578.0,8221.38,141359,https://www.comprasparaguai.com.br/celular-apple-iphone-17-pro-max-512gb-silver-ll-lacrado-esim__5185318/,https://multipass.com.py/
2026-09-25 15:52:49,Celular Apple iPhone 17 Pro Max 512GB,Celular iPhone 17 Pro Max 512GB Blue,Dr Cell Atacado,1550.0,8075.5,33364,https://www.comprasparaguai.com.br/celular-iphone-17-pro-max-512gb-blue__5016891/,https://drcellatacado.com.py/
2026-09-25 15:52:49,Celular Apple iPhone 17 Pro Max 512GB,iPhone 17 Pro Max 512GB Americano Blue,Star Company,1580.0,8231.8,125390,https://www.comprasparaguai.com.br/iphone-17-pro-max-512gb-americano-blue__5444452/,https://www.starcompany-py.com/
2026-09-25 15:52:49,Celular Apple iPhone 17 Pro Max 512GB,iPhone 17 Pro Max 512GB Americano Orange,Star Company,1580.0,8231.8,125383,https://www.comprasparaguai.com.br/iphone-17-pro-max-512gb-americano-orange__5444451/,https://www.starcompany-py.com/
2026-09-25 15:52:49,Celular Apple iPhone 17 Pro Max 512GB,iPhone 17 Pro Max 512GB Laranja Esim A3257-LL,Alborada,1560.0,8127.6,0-803582,https://www.comprasparaguai.com.br/iphone-17-pro-max-512gb-laranja-esim-a3257-ll__5411453/,http://www.alboradainfo.com/
2026-09-25 15:52:49,Celular Apple iPhone 17 Pro Max 512GB,"Apple iPhone 17 Pro Max A3526 Be 512GB 12GB Ram Tela 6.9"" - Laranja (Anatel)",Atacado Connect,1520.0,7919.2,1349276,https://www.comprasparaguai.com.br/apple-iphone-17-pro-max-a3526-be-512gb-12gb-ram-tela-69-laranja-anatel__5235588/,https://www.atacadoconnect.com/
2026-09-25 15:52:49,Celular Apple iPhone 17 Pro Max 512GB,Cel Apple New iPhone 17 Pro Max 512GB A-3525 Silver 4J/A Esim Japan,LG Importados,1560.0,8127.6,921275,https://www.comprasparaguai.com.br/cel-apple-new-iphone-17-pro-max-512gb-a-3525-silver-4ja-esim-japan__5527227/,http://lgimportados.com/?fbclid=IwAR1xLZIxb-cCTV04kG6FiF8fxT4EW8Nok0_4t5DKnUHjNlazg7pQd6DPrBs
2026-09-25 15:52:49,Celular Apple iPhone 17 Pro Max 512GB,Cel Apple New iPhone 17 Pro Max 512GB A-3526 Deep Blue Be/A Esim,LG Importados,1550.0,8075.5,1118537,https://www.comprasparaguai.com.br/cel-apple-new-iphone-17-pro-max-512gb-a-3526-deep-blue-bea-esim__5540547/,http://lgimportados.com/?fbclid=IwAR1xLZIxb-cCTV04kG6FiF8fxT4EW8Nok0_4t5DKnUHjNlazg7pQd6DPrBs
2026-09-25 15:52:49,Celular Apple iPhone 17 Pro Max 512GB,Cel Apple New iPhone 17 Pro Max 512GB A-3257 Cosmic Orange LL/A Esim,LG Importados,1550.0,8075.5,902809,https://www.comprasparaguai.com.br/cel-apple-new-iphone-17-pro-max-512gb-a-3257-cosmic-orange-lla-esim__5526217/,http://lgimportados.com/?fbclid=IwAR1xLZIxb-cCTV04kG6FiF8fxT4EW8Nok0_4t5DKnUHjNlazg7pQd6DPrBs
2026-09-25 15:52:49,Celular Apple iPhone 17 Pro Max 512GB,iPhone 17 Pro Max 512GB A3525 4J/A Esim Cosmic Orange,Best Shop Paraguai,1550.0,8075.5,149846,https://www.comprasparaguai.com.br/iphone-17-pro-max-512gb-a3525-4ja-esim-cosmic-orange__5062804/,http://www.bestshop.com.py/
2026-09-25 15:52:49,Celular Apple iPhone 17 Pro Max 512GB,iPhone 17 Pro Max 512GB A3257 LL/A Esim Deep Blue,Best Shop Paraguai,1540.0,8023.4,147583,https://www.comprasparaguai.com.br/iphone-17-pro-max-512gb-a3257-lla-esim-deep-blue__5019781/,http://www.bestshop.com.py/
2026-09-25 15:52:49,Celular Apple iPhone 17 Pro Max 512GB,iPhone 17 Pro Max 512GB A3257 LL/A Esim Silver,Best Shop Paraguai,1580.0,8231.8,147576,https://www.comprasparaguai.com.br/iphone-17-pro-max-512gb-a3257-lla-esim-silver__5023860/,http://www.bestshop.com.py/
2026-09-25 15:52:49,Celular Apple iPhone 17 Pro Max 512GB,Cel iPhone 17 Pro Max 512GB Orange,Mini Carlos,1550.0,8075.5,868,https://www.comprasparaguai.com.br/cel-iphone-17-pro-max-512gb-orange__4586178/,https://minicarlos.com.py/
2026-09-25 15:52:49,Celular Apple iPhone 17 Pro Max 512GB,Cel iPhone 17 Pro Max 512GB Japones Orange,Mini Carlos,1550.0,8075.5,1006,https://www.comprasparaguai.com.br/cel-iphone-17-pro-max-512gb-japones-orange__4636038/,https://minicarlos.com.py/
2026-09-25 15:52:49,Celular Apple iPhone 17 Pro Max 512GB,iPhone 17 Pro Max 512GB US Orange,Eshop Cell,1518.0,7908.78,1410,https://www.comprasparaguai.com.br/iphone-17-pro-max-512gb-us-orange__5457165/,https://eshopcell.com
2026-09-25 15:52:49,Celular Apple iPhone 17 Pro Max 512GB,Apple iPhone 17 Pro Max 512GB LL/A e-Sim - Cosmic Orange,Tellecon Cell,1560.0,8127.6,48262,https://www.comprasparaguai.com.br/apple-iphone-17-pro-max-512gb-lla-e-sim-cosmic-orange__5338555/,https://telleconcell.com.py/
2026-09-25 15:52:49,Celular Apple iPhone 17 Pro Max 512GB,Celular Apple iPhone 17 Pro Max A3525 Esim 512GB/12GB Ram de 6.9″ 48+48+48MP/18MP – Silver,Prime Shop,1577.99,8221.33,39090,https://www.comprasparaguai.com.br/celular-apple-iphone-17-pro-max-a3525-esim-512gb12gb-ram-de-69-484848mp18mp-silver__5016477/,http://primeshop.com.py/
2026-09-25 15:52:49,Celular Apple iPhone 17 Pro Max 512GB,Apple iPhone 17 Pro Max 512GB LL/A e-Sim - Deep Blue,Tellecon Cell,1550.0,8075.5,48286,https://www.comprasparaguai.com.br/apple-iphone-17-pro-max-512gb-lla-e-sim-deep-blue__5338560/,https://telleconcell.com.py/
2026-09-25 15:52:49,Celular Apple iPhone 17 Pro Max 512GB,Apple iPhone 17 Pro Max 512GB - Blue Mfyube (Nano - Esim) Anatel,Twin Shop,1560.0,8127.6,35758,https://www.comprasparaguai.com.br/apple-iphone-17-pro-max-512gb-blue-mfyube-nano-esim-anatel__5441694/,
2026-09-25 15:52:49,Celular Apple iPhone 17 Pro Max 512GB,iPhone 17 Pro Max 512GB Cosmic Orange Be,Tellecon Cell,1560.0,8127.6,55659,https://www.comprasparaguai.com.br/iphone-17-pro-max-512gb-cosmic-orange-be__5546561/,https://telleconcell.com.py/
2026-09-25 15:52:49,Celular Apple iPhone 17 Pro Max 512GB,Apple iPhone 17 Pro Max A3526 Be 512GB 12GB Ram Sim Físico - Deep Blue (Anatel),Tellecon Cell,1560.0,8127.6,60066,https://www.comprasparaguai.com.br/apple-iphone-17-pro-max-a3526-be-512gb-12gb-ram-sim-fisico-deep-blue-anatel__5546562/,https://telleconcell.com.py/
2026-09-25 15:52:49,Celular Apple iPhone 17 Pro Max 512GB,iPhone 17 Pro Max 512GB Cosmic Orange,Empire Shop,1595.0,8309.95,1148-8,https://www.comprasparaguai.com.br/iphone-17-pro-max-512gb-cosmic-orange__5279019/,https://www.empireshop.com.py/
2026-09-25 15:52:49,Celular Apple iPhone 17 Pro Max 512GB,Celular Apple iPhone 17 Pro Max – 12/512GB – 6.9″ – Deep Blue,Prime Shop,1539.99,8023.35,40742,https://www.comprasparaguai.com.br/celular-apple-iphone-17-pro-max-12512gb-69-deep-blue__5079623/,http://primeshop.com.py/
2026-09-25 15:52:49,Celular Apple iPhone 17 Pro Max 512GB,iPhone 17 Pro Max 512GB Silver,Empire Shop,1650.99,8601.66,1120-4,https://www.comprasparaguai.com.br/iphone-17-pro-max-512gb-silver__5279018/,https://www.empireshop.com.py/
2026-09-25 15:52:49,Celular Apple iPhone 17 Pro Max 512GB,Apple iPhone 17 Pro Max 512GB - Orange MFYT4BE (Nano - Esim) Anatel,Twin Shop,1570.0,8179.7,37342,https://www.comprasparaguai.com.br/apple-iphone-17-pro-max-512gb-orange-mfyt4be-nano-esim-anatel__5550317/,
2026-09-25 15:52:49,Celular Apple iPhone 17 Pro Max 512GB,Apple iPhone 17 Pro Max 512GB LL/A e-Sim - Silver,Tellecon Cell,1550.0,8075.5,48279,https://www.comprasparaguai.com.br/apple-iphone-17-pro-max-512gb-lla-e-sim-silver__5338556/,https://telleconcell.com.py/
2026-09-25 15:52:49,Celular Apple iPhone 17 Pro Max 512GB,Celular Apple iPhone 17 Pro Max A3525 Esim 512GB/12GB Ram de 6.9&#8243; 48+48+48MP/18MP &#8211; Cosmic Orange,Prime Shop,1579.99,8231.75,40740,https://www.comprasparaguai.com.br/celular-apple-iphone-17-pro-max-a3525-esim-512gb12gb-ram-de-698243-484848mp18mp-8211-cosmic-orange__5079616/,http://primeshop.com.py/
2026-09-25 15:52:49,Celular Apple iPhone 17 Pro Max 512GB,Apple iPhone 17 Pro Max 512GB - Silver MFYQ4BE (Nano - Esim) Anatel,Twin Shop,1580.0,8231.8,34027,https://www.comprasparaguai.com.br/apple-iphone-17-pro-max-512gb-silver-mfyq4be-nano-esim-anatel__5371493/,
2026-09-25 15:52:49,Celular Apple iPhone 17 Pro Max 512GB,Apple iPhone 17 Pro Max 512GB MFYT4BE/A Cosmic Orange,Roma Shopping,1560.0,8127.6,195866,https://www.comprasparaguai.com.br/apple-iphone-17-pro-max-512gb-mfyt4bea-cosmic-orange__5254686/,http://www.romapy.com/
2026-09-25 15:52:49,Celular Apple iPhone 17 Pro Max 1TB,Apple iPhone 17 Pro Max 1TB Silver MFYV4BE (Nano Sim-Esim),Cellshop,1740.0,9065.4,5950621,https://www.comprasparaguai.com.br/apple-iphone-17-pro-max-1tb-silver-mfyv4be-nano-sim-esim__5379919/,http://www.cellshop.com/
2026-09-25 15:52:49,Celular Apple iPhone 17 Pro Max 1TB,Apple iPhone 17 Pro Max 1TB Deep Blue MFYX4BE (Nano Sim-Esim),Cellshop,1790.0,9325.9,5950614,https://www.comprasparaguai.com.br/apple-iphone-17-pro-max-1tb-deep-blue-mfyx4be-nano-sim-esim__5379920/,http://www.cellshop.com/
2026-09-25 15:52:49,Celular Apple iPhone 17 Pro Max 1TB,iPhone 17 Pro Max 1TB Orange A3257,Star Games,1668.0,8690.28,175609,https://www.comprasparaguai.com.br/iphone-17-pro-max-1tb-orange-a3257__5115022/,http://stargamespy.com/
2026-09-25 15:52:49,Celular Apple iPhone 17 Pro Max 1TB,Celular Apple iPhone 17 Pro Max 1TB Orange e/JP,Shopping China,1785.0,9299.85,1017023,https://www.comprasparaguai.com.br/celular-apple-iphone-17-pro-max-1tb-orange-ejp__5364165/,https://www.shoppingchina.com.br/
2026-09-25 15:52:49,Celular Apple iPhone 17 Pro Max 1TB,Celular Apple iPhone 17 Pro Max 1TB Silver,Shopping China,1720.0,8961.2,1012581,https://www.comprasparaguai.com.br/celular-apple-iphone-17-pro-max-1tb-silver__5364164/,https://www.shoppingchina.com.br/
2026-09-25 15:52:49,Celular Apple iPhone 17 Pro Max 1TB,Celular Apple iPhone 17 Pro Max 1TB Blue e/JP,Shopping China,1805.0,9404.05,1017027,https://www.comprasparaguai.com.br/celular-apple-iphone-17-pro-max-1tb-blue-ejp__5364167/,https://www.shoppingchina.com.br/
2026-09-25 15:52:49,Celular Apple iPhone 17 Pro Max 1TB,Celular Apple iPhone 17 Pro Max 1TB Silver e/JP,Shopping China,1820.0,9482.2,1017025,https://www.comprasparaguai.com.br/celular-apple-iphone-17-pro-max-1tb-silver-ejp__5364166/,https://www.shoppingchina.com.br/
2026-09-25 15:52:49,Celular Apple iPhone 17 Pro Max 1TB,Celular Apple iPhone 17 Pro Max 1T Cosmic Orange,Shopping China,1699.0,8851.79,1012582,https://www.comprasparaguai.com.br/celular-apple-iphone-17-pro-max-1t-cosmic-orange__5201298/,https://www.shoppingchina.com.br/
2026-09-25 15:52:49,Celular Apple iPhone 17 Pro Max 1TB,iPhone 17 Pro Max 1TBGB Silver,Mundo do Celular,1735.0,9039.35,147903,https://www.comprasparaguai.com.br/iphone-17-pro-max-1tbgb-silver__5068710/,http://www.mundodocelular.com/
2026-09-25 15:52:49,Celular Apple iPhone 17 Pro Max 1TB,iPhone 17 Pro Max 1TB Usa-Esim Blue,Melody,1705.0,8883.05,7033-1,https://www.comprasparaguai.com.br/iphone-17-pro-max-1tb-usa-esim-blue__5037943/,https://melody.com.py/
2026-09-25 15:52:49,Celular Apple iPhone 17 Pro Max 1TB,iPhone 17 Pro Max 1TB Usa-Esim Orange,Melody,1685.0,8778.85,7032-4,https://www.comprasparaguai.com.br/iphone-17-pro-max-1tb-usa-esim-orange__5052606/,https://melody.com.py/
2026-09-25 15:52:49,Celular Apple iPhone 17 Pro Max 1TB,iPhone 17 Pro Max 1TB JP -Esim Silver,Melody,1715.0,8935.15,7182-6,https://www.comprasparaguai.com.br/iphone-17-pro-max-1tb-jp-esim-silver__5063486/,https://melody.com.py/
2026-09-25 15:52:49,Celular Apple iPhone 17 Pro Max 1TB,iPhone 17 Pro Max 1TB Usa-Esim Silver,Melody,1725.0,8987.25,7040-9,https://www.comprasparaguai.com.br/iphone-17-pro-max-1tb-usa-esim-silver__5037941/,https://melody.com.py/
2026-09-25 15:52:49,Celular Apple iPhone 17 Pro Max 1TB,Apple iPhone 17 Pro Max 1TB Azul Esim A3257-LL,Alborada,1685.0,8778.85,0-801749,https://www.comprasparaguai.com.br/apple-iphone-17-pro-max-1tb-azul-esim-a3257-ll__5408168/,http://www.alboradainfo.com/
2026-09-25 15:52:49,Celular Apple iPhone 17 Pro Max 1TB,"Apple iPhone 17 Pro Max A3257 LL 1TB Esim Tela 6.9"" - Azul Intenso",Atacado Connect,1705.0,8883.05,1278026,https://www.comprasparaguai.com.br/apple-iphone-17-pro-max-a3257-ll-1tb-esim-tela-69-azul-intenso__5019657/,https://www.atacadoconnect.com/
2026-09-25 15:52:49,Celular Apple iPhone 17 Pro Max 1TB,"Apple iPhone 17 Pro Max A3525 4J 1TB Esim Tela 6.9"" - Laranja Cósmico",Atacado Connect,1705.0,8883.05,1292206,https://www.comprasparaguai.com.br/apple-iphone-17-pro-max-a3525-4j-1tb-esim-tela-69-laranja-cosmico__5062807/,https://www.atacadoconnect.com/
2026-09-25 15:52:49,Celular Apple iPhone 17 Pro Max 1TB,"Apple iPhone 17 Pro Max A3525 4J 1TB Esim Tela 6.9"" - Azul Intenso",Atacado Connect,1705.0,8883.05,1291353,https://www.comprasparaguai.com.br/apple-iphone-17-pro-max-a3525-4j-1tb-esim-tela-69-azul-intenso__5060804/,https://www.atacadoconnect.com/
2026-09-25 15:52:49,Celular Apple iPhone 17 Pro Max 1TB,Cel Apple New iPhone 17 Pro Max 1TB A-3257 Silver LL,LG Importados,1765.0,9195.65,923446,https://www.comprasparaguai.com.br/cel-apple-new-iphone-17-pro-max-1tb-a-3257-silver-ll__5515666/,http://lgimportados.com/?fbclid=IwAR1xLZIxb-cCTV04kG6FiF8fxT4EW8Nok0_4t5DKnUHjNlazg7pQd6DPrBs
2026-09-25 15:52:49,Celular Apple iPhone 17 Pro Max 1TB,iPhone 17 Pro Max 1TB A3526 Be/A Esim Cosmic Orange Anatel,Best Shop Paraguai,1780.0,9273.8,163781,https://www.comprasparaguai.com.br/iphone-17-pro-max-1tb-a3526-bea-esim-cosmic-orange-anatel__5382099/,http://www.bestshop.com.py/
2026-09-25 15:52:49,Celular Apple iPhone 17 Pro Max 1TB,iPhone 17 Pro Max 1TB Deep Blue LL/A (Americano),Swap Store,1762.0,9180.02,32568,https://www.comprasparaguai.com.br/iphone-17-pro-max-1tb-deep-blue-lla-americano__5251259/,https://instagram.com/swapstorepy
2026-09-25 15:52:49,Celular Apple iPhone 17 Pro Max 1TB,Apple iPhone 17 Pro Max A3257 1TB Deep Blue,Toku Importados,1695.0,8830.95,195950638073,https://www.comprasparaguai.com.br/apple-iphone-17-pro-max-a3257-1tb-deep-blue__5152596/,https://www.instagram.com/tokuimportados/
2026-09-25 15:52:49,Celular Apple iPhone 17 Pro Max 1TB,Celular Apple iPhone 17 Pro Max 1TB – Silver,Prime Shop,1761.99,9179.97,39098,https://www.comprasparaguai.com.br/celular-apple-iphone-17-pro-max-1tb-silver__5016475/,http://primeshop.com.py/
2026-09-25 15:52:49,Celular Apple iPhone 17 Pro Max 1TB,Celular Apple iPhone 17 Pro Max 1TB Orange,Vertex,1790.0,9325.9,37514,https://www.comprasparaguai.com.br/celular-apple-iphone-17-pro-max-1tb-orange__5596992/,
2026-09-25 15:52:49,Celular Apple iPhone 17 Pro Max 1TB,iPhone 17 Pro Max 1TB Silver LL/A (Americano),Swap Store,1762.0,9180.02,32569,https://www.comprasparaguai.com.br/iphone-17-pro-max-1tb-silver-lla-americano__5251260/,https://instagram.com/swapstorepy
2026-09-25 15:52:49,Celular Apple iPhone 17 Pro Max 1TB,iPhone 17 Pro Max 1TB Cosmic Orange LL/A (Americano),Swap Store,1762.0,9180.02,32567,https://www.comprasparaguai.com.br/iphone-17-pro-max-1tb-cosmic-orange-lla-americano__5251258/,https://instagram.com/swapstorepy
2026-09-25 15:52:49,Celular Apple iPhone 17 Pro Max 1TB,Apple iPhone 17 Pro Max 1TB Americano (Esim) - Orange,Mestre,1668.0,8690.28,15520,https://www.comprasparaguai.com.br/apple-iphone-17-pro-max-1tb-americano-esim-orange__5053726/,https://www.mestreatacado.com/
2026-09-25 15:52:49,Celular Apple iPhone 17 Pro Max 1TB,Cel iPhone 17 Pro Max 1TB Silver New Usa,Cell World,1757.0,9153.97,3700865,https://www.comprasparaguai.com.br/cel-iphone-17-pro-max-1tb-silver-new-usa__5227062/,https://www.cellworldimport.com/
2026-09-25 15:52:49,Celular Apple iPhone 17 Pro Max 1TB,Cel iPhone 17 Pro Max 1TB Silver New Usa,Cell World,1757.0,9153.97,370864,https://www.comprasparaguai.com.br/cel-iphone-17-pro-max-1tb-silver-new-usa__5227061/,https://www.cellworldimport.com/
2026-09-25 15:52:49,Celular Apple iPhone 17 Pro Max 1TB,Cel Apple iPhone 17 Pro Max 1TB Esim Orange,Point Informática,1849.0,9633.29,76608,https://www.comprasparaguai.com.br/cel-apple-iphone-17-pro-max-1tb-esim-orange__5157325/,https://www.pointinformatica.com.py/
2026-09-25 15:52:49,Celular Apple iPhone 17 Pro Max 1TB,Apple iPhone 17 Pro Max 1TB - Silver MFYV4BE (Esim) Anatel,Twin Shop,1780.0,9273.8,34247,https://www.comprasparaguai.com.br/apple-iphone-17-pro-max-1tb-silver-mfyv4be-esim-anatel__5380375/,
2026-09-25 15:52:49,Celular Apple iPhone 17 Pro Max 1TB,Celular Apple iPhone 17 Pro Max 1TB – Deep Blue,Prime Shop,1668.0,8690.28,39097,https://www.comprasparaguai.com.br/celular-apple-iphone-17-pro-max-1tb-deep-blue__5016460/,http://primeshop.com.py/
2026-09-25 15:52:49,Celular Apple iPhone 17 Pro Max 1TB,Celular Apple iPhone 17 Pro Max 1TB,ISS Group,1787.0,9310.27,4601,https://www.comprasparaguai.com.br/celular-apple-iphone-17-pro-max-1tb__5282147/,
2026-09-25 15:52:49,Celular Apple iPhone 17 Pro Max 2TB,Apple iPhone 17 Pro Max A3257 Dual 2 TB - Cosmic Orange,Nissei,2100.0,10941.0,145685,https://www.comprasparaguai.com.br/apple-iphone-17-pro-max-a3257-dual-2-tb-cosmic-orange__5022951/,https://nissei.com/br/
2026-09-25 15:52:49,Celular Apple iPhone 17 Pro Max 2TB,iPhone 17 Pro Max 2TB Orange A3257,Star Games,1962.0,10222.02,175630,https://www.comprasparaguai.com.br/iphone-17-pro-max-2tb-orange-a3257__5115021/,http://stargamespy.com/
2026-09-25 15:52:49,Celular Apple iPhone 17 Pro Max 2TB,Celular Apple iPhone 17 Pro Max 2TB Orange e/JP,Shopping China,2000.0,10420.0,1017021,https://www.comprasparaguai.com.br/celular-apple-iphone-17-pro-max-2tb-orange-ejp__5229090/,https://www.shoppingchina.com.br/
2026-09-25 15:52:49,Celular Apple iPhone 17 Pro Max 2TB,Celular Apple iPhone 17 Pro Max A3257 MFXT4LL/A 2TB Cosmic Orange,Shopping China,2100.0,10941.0,1011181,https://www.comprasparaguai.com.br/celular-apple-iphone-17-pro-max-a3257-mfxt4lla-2tb-cosmic-orange__5016728/,https://www.shoppingchina.com.br/
2026-09-25 15:52:49,Celular Apple iPhone 17 Pro Max 2TB,Celular Apple iPhone 17 Pro Max 2TB Silver,Shopping China,2020.0,10524.2,1012580,https://www.comprasparaguai.com.br/celular-apple-iphone-17-pro-max-2tb-silver__5201297/,https://www.shoppingchina.com.br/
2026-09-25 15:52:49,Celular Apple iPhone 17 Pro Max 2TB,Celular Apple iPhone 17 Pro Max 2TB Silver e/JP,Shopping China,2000.0,10420.0,1017532,https://www.comprasparaguai.com.br/celular-apple-iphone-17-pro-max-2tb-silver-ejp__5203624/,https://www.shoppingchina.com.br/
2026-09-25 15:52:49,Celular Apple iPhone 17 Pro Max 2TB,Celular Apple iPhone 17 Pro Max 2TB Blue e/JP,Shopping China,2000.0,10420.0,1017020,https://www.comprasparaguai.com.br/celular-apple-iphone-17-pro-max-2tb-blue-ejp__5229089/,https://www.shoppingchina.com.br/
2026-09-25 15:52:49,Celular Apple iPhone 17 Pro Max 2TB,iPhone 17 Pro Max 2TBGB Cosmic Orange,Mundo do Celular,2020.0,10524.2,147668,https://www.comprasparaguai.com.br/iphone-17-pro-max-2tbgb-cosmic-orange__5156178/,http://www.mundodocelular.com/
2026-09-25 15:52:49,Celular Apple iPhone 17 Pro Max 2TB,Celular iPhone 17 Pro Max - 2TB - Orange,Mario Cell,2070.0,10784.7,123334,https://www.comprasparaguai.com.br/celular-iphone-17-pro-max-2tb-orange__5092356/,https://www.mariocell.com/
2026-09-25 15:52:49,Celular Apple iPhone 17 Pro Max 2TB,Celular Apple iPhone 17 Pro Max 2TB Blue LL Lacrado Esim,MultiPass,1962.0,10222.02,145158,https://www.comprasparaguai.com.br/celular-apple-iphone-17-pro-max-2tb-blue-ll-lacrado-esim__5120598/,https://multipass.com.py/
2026-09-25 15:52:49,Celular Apple iPhone 17 Pro Max 2TB,Apple iPhone 17 Pro Max 2TB Orange A3257 Esim,Intershop Importados,1999.0,10414.79,9659,https://www.comprasparaguai.com.br/apple-iphone-17-pro-max-2tb-orange-a3257-esim__5155439/,https://intershop.com.py/
2026-09-25 15:52:49,Celular Apple iPhone 17 Pro Max 2TB,"Apple iPhone 17 Pro Max A3257 LL 2TB Esim Tela 6.9"" - Laranja Cósmico",Atacado Connect,1995.0,10393.95,1275803,https://www.comprasparaguai.com.br/apple-iphone-17-pro-max-a3257-ll-2tb-esim-tela-69-laranja-cosmico__5042650/,https://www.atacadoconnect.com/
2026-09-25 15:52:49,Celular Apple iPhone 17 Pro Max 2TB,Cel Apple New iPhone 17 Pro Max 2TB A-3257 Deep Blue LL/A Esim,LG Importados,2030.0,10576.3,1034127,https://www.comprasparaguai.com.br/cel-apple-new-iphone-17-pro-max-2tb-a-3257-deep-blue-lla-esim__5531587/,http://lgimportados.com/?fbclid=IwAR1xLZIxb-cCTV04kG6FiF8fxT4EW8Nok0_4t5DKnUHjNlazg7pQd6DPrBs
2026-09-25 15:52:49,Celular Apple iPhone 17 Pro Max 2TB,Celular Apple iPhone 17 Pro Max 2TB Orange,Vertex,1990.0,10367.9,37516,https://www.comprasparaguai.com.br/celular-apple-iphone-17-pro-max-2tb-orange__5596994/,
2026-09-25 15:52:49,Celular Apple iPhone 17 Pro Max 2TB,Celular Apple iPhone 17 Pro Max 2TB Blue,Vertex,1990.0,10367.9,37517,https://www.comprasparaguai.com.br/celular-apple-iphone-17-pro-max-2tb-blue__5596993/,
2026-09-25 15:52:49,Celular Apple iPhone 17 Pro Max 2TB,Apple iPhone 17 Pro Max 2TB Americano (Esim) - Orange,Mestre,1962.0,10222.02,15522,https://www.comprasparaguai.com.br/apple-iphone-17-pro-max-2tb-americano-esim-orange__5022397/,https://www.mestreatacado.com/
2026-09-25 15:52:49,Celular Apple iPhone 17 Pro Max 2TB,Celular Apple iPhone 17 Pro Max 2TB &#8211; Cosmic Orange,Prime Shop,1962.0,10222.02,39401,https://www.comprasparaguai.com.br/celular-apple-iphone-17-pro-max-2tb-8211-cosmic-orange__5023497/,http://primeshop.com.py/
2026-09-25 15:52:49,Celular Apple iPhone 17 Pro Max 2TB,Celular Apple iPhone 17 Pro Max 2TB – Deep Blue,Prime Shop,1962.0,10222.02,39400,https://www.comprasparaguai.com.br/celular-apple-iphone-17-pro-max-2tb-deep-blue__5023499/,http://primeshop.com.py/
2026-09-25 15:52:49,Celular Apple iPhone 17 Pro Max 512GB Recondicionado,Apple iPhone 17 Pro Max 512GB A3257 LL Tela Super Retina XDR 6.9 / Cam Tripla 48+48+48MP/18MP Center Stage / Ios 26 - Cosmic Orange (As Is A),One Click,1315.0,6851.15,73493,https://www.comprasparaguai.com.br/apple-iphone-17-pro-max-512gb-a3257-ll-tela-super-retina-xdr-69-cam-tripla-484848mp18mp-center-stage-ios-26-cosmic-orange-as-is-a__5332754/,https://oneclick.com.py/
2026-09-25 15:52:49,Celular Apple iPhone 17 Pro Max 512GB Recondicionado,Apple iPhone 17 Pro Max 512GB A3257 LL Tela Super Retina XDR 6.9 / Cam Tripla 48+48+48MP/18MP Center Stage / Ios 26 - Deep Blue (As Is A),One Click,1315.0,6851.15,73516,https://www.comprasparaguai.com.br/apple-iphone-17-pro-max-512gb-a3257-ll-tela-super-retina-xdr-69-cam-tripla-484848mp18mp-center-stage-ios-26-deep-blue-as-is-a__5332749/,https://oneclick.com.py/
2026-09-25 15:52:49,Celular Apple iPhone 17 Pro Max 512GB Recondicionado,Apple iPhone 17 Pro Max 512GB A3257 LL Tela Super Retina XDR 6.9 / Cam Tripla 48+48+48MP/18MP Center Stage / Ios 26 - Silver (As Is+),One Click,1315.0,6851.15,73400,https://www.comprasparaguai.com.br/apple-iphone-17-pro-max-512gb-a3257-ll-tela-super-retina-xdr-69-cam-tripla-484848mp18mp-center-stage-ios-26-silver-as-is__5331907/,https://oneclick.com.py/
2026-09-25 15:52:49,Celular Apple iPhone 17 Pro Max 512GB Recondicionado,Apple iPhone 17 Pro Max 512GB A3257 LL Tela Super Retina XDR 6.9 / Cam Tripla 48+48+48MP/18MP Center Stage / Ios 26 - Deep Blue (As Is+),One Click,1315.0,6851.15,73424,https://www.comprasparaguai.com.br/apple-iphone-17-pro-max-512gb-a3257-ll-tela-super-retina-xdr-69-cam-tripla-484848mp18mp-center-stage-ios-26-deep-blue-as-is__5332755/,https://oneclick.com.py/
2026-09-25 15:52:49,Celular Apple iPhone 17 Pro Max 512GB Recondicionado,Apple iPhone 17 Pro Max 512GB A3257 LL Tela Super Retina XDR 6.9 / Cam Tripla 48+48+48MP/18MP Center Stage / Ios 26 - Cosmic Orange (As Is+),One Click,1315.0,6851.15,73417,https://www.comprasparaguai.com.br/apple-iphone-17-pro-max-512gb-a3257-ll-tela-super-retina-xdr-69-cam-tripla-484848mp18mp-center-stage-ios-26-cosmic-orange-as-is__5332747/,https://oneclick.com.py/
2026-09-25 15:52:49,Celular Apple iPhone 17 Pro Max 512GB Recondicionado,Apple iPhone 17 Pro Max 512GB A3257 LL Tela Super Retina XDR 6.9 / Cam Tripla 48+48+48MP/18MP Center Stage / Ios 26 - Silver (As Is A-),One Click,1305.0,6799.05,73530,https://www.comprasparaguai.com.br/apple-iphone-17-pro-max-512gb-a3257-ll-tela-super-retina-xdr-69-cam-tripla-484848mp18mp-center-stage-ios-26-silver-as-is-a__5332745/,https://oneclick.com.py/
2026-09-25 15:52:49,Celular Apple iPhone 17 Pro Max 512GB Recondicionado,Apple iPhone 17 Pro Max 512GB A3257 LL Tela Super Retina XDR 6.9 / Cam Tripla 48+48+48MP/18MP Center Stage / Ios 26 - Cosmic Orange (As Is A-),One Click,1305.0,6799.05,73509,https://www.comprasparaguai.com.br/apple-iphone-17-pro-max-512gb-a3257-ll-tela-super-retina-xdr-69-cam-tripla-484848mp18mp-center-stage-ios-26-cosmic-orange-as-is-a__5332750/,https://oneclick.com.py/
2026-09-25 15:52:49,Celular Apple iPhone 17 Pro Max 512GB Recondicionado,Apple iPhone 17 Pro Max 512GB A3257 LL Tela Super Retina XDR 6.9 / Cam Tripla 48+48+48MP/18MP Center Stage / Ios 26 - Deep Blue (As Is A-),One Click,1305.0,6799.05,73523,https://www.comprasparaguai.com.br/apple-iphone-17-pro-max-512gb-a3257-ll-tela-super-retina-xdr-69-cam-tripla-484848mp18mp-center-stage-ios-26-deep-blue-as-is-a__5332760/,https://oneclick.com.py/
2026-09-25 15:52:49,Celular Apple iPhone 17 Pro Max 512GB Recondicionado,"Apple iPhone 17 Pro Max Swap Esim 512GB 6.9"" Orange - Grau A+ (2 Meses de Garantia - Bat. 90/100% - Americano)",Mobile Zone,1300.0,6773.0,1661910,https://www.comprasparaguai.com.br/apple-iphone-17-pro-max-swap-esim-512gb-69-orange-grau-a-2-meses-de-garantia-bat-90100-americano__5349503/,http://www.mobilezone.com.br/
2026-09-25 15:52:49,Celular Apple iPhone 17 Pro Max 512GB Recondicionado,Celular Apple iPhone 17 Pro Max 512GB Orange Asis,Shopping China,1350.0,7033.5,1067945,https://www.comprasparaguai.com.br/celular-apple-iphone-17-pro-max-512gb-orange-asis__5488843/,https://www.shoppingchina.com.br/
2026-09-25 15:52:49,Celular Apple iPhone 17 Pro Max 512GB Recondicionado,iPhone 17 Pro Max 512GB Orange Swap Grade A 100% Usa,Mundo do Celular,1320.0,6877.2,154918,https://www.comprasparaguai.com.br/iphone-17-pro-max-512gb-orange-swap-grade-a-100-usa__5339528/,http://www.mundodocelular.com/
2026-09-25 15:52:49,Celular Apple iPhone 17 Pro Max 512GB Recondicionado,Apple Cel Swap iPhone 17 Pro Max 512GB A+ Orange (Esim),New Zone,1300.0,6773.0,291874,https://www.comprasparaguai.com.br/apple-cel-swap-iphone-17-pro-max-512gb-a-orange-esim__5431005/,https://www.newzone.com.py/
2026-09-25 15:52:49,Celular Apple iPhone 17 Pro Max 512GB Recondicionado,"Apple iPhone 17 Pro Max 6.9"" 512GB Orange - Swap (Grado A+)",Atlantico Shop,1300.0,6773.0,495547,https://www.comprasparaguai.com.br/apple-iphone-17-pro-max-69-512gb-orange-swap-grado-a__5363661/,https://www.atlanticoshop.com/
2026-09-25 15:52:49,Celular Apple iPhone 17 Pro Max 512GB Recondicionado,iPhone 17 Pro Max 512GB Esim Orange Americano Swap A,Best Shop Paraguai,1325.0,6903.25,160650,https://www.comprasparaguai.com.br/iphone-17-pro-max-512gb-esim-orange-americano-swap-a__5263122/,http://www.bestshop.com.py/
2026-09-25 15:52:49,Celular Apple iPhone 17 Pro Max 512GB Recondicionado,iPhone 17 Pro Max 512GB Esim Silver Americano Swap A,Best Shop Paraguai,1325.0,6903.25,160636,https://www.comprasparaguai.com.br/iphone-17-pro-max-512gb-esim-silver-americano-swap-a__5361434/,http://www.bestshop.com.py/
2026-09-25 15:52:49,Celular Apple iPhone 17 Pro Max 512GB Recondicionado,iPhone 17 Pro Max 512GB Esim Blue Americano Swap A,Best Shop Paraguai,1345.0,7007.45,160643,https://www.comprasparaguai.com.br/iphone-17-pro-max-512gb-esim-blue-americano-swap-a__5263121/,http://www.bestshop.com.py/
2026-09-25 15:52:49,Celular Apple iPhone 17 Pro Max 512GB Recondicionado,Cel iPhone 17 Pro Max 512GB Azul Swap Assis+,Mini Carlos,1330.0,6929.3,1372,https://www.comprasparaguai.com.br/cel-iphone-17-pro-max-512gb-azul-swap-assis__5542767/,https://minicarlos.com.py/
2026-09-25 15:52:49,Celular Apple iPhone 17 Pro Max 512GB Recondicionado,Cel iPhone 17 Pro Max 512GB Laranja Swap Assis+,Mini Carlos,1330.0,6929.3,1371,https://www.comprasparaguai.com.br/cel-iphone-17-pro-max-512gb-laranja-swap-assis__5542768/,https://minicarlos.com.py/
2026-09-25 15:52:49,Celular Apple iPhone 17 Pro Max 256GB Swap Grade A,Cel iPhone 17 Pro Max 256GB Blue G/Apple Swap A+,Dr Cell Atacado,1200.0,6252.0,34354,https://www.comprasparaguai.com.br/cel-iphone-17-pro-max-256gb-blue-gapple-swap-a__5123838/,https://drcellatacado.com.py/
2026-09-25 15:52:49,Celular Apple iPhone 17 Pro Max 256GB Swap Grade A,Cel iPhone 17 Pro Max 256GB Orange G/Apple Swap A+,Dr Cell Atacado,1230.0,6408.3,34365,https://www.comprasparaguai.com.br/cel-iphone-17-pro-max-256gb-orange-gapple-swap-a__5123839/,https://drcellatacado.com.py/
2026-09-25 15:52:49,Celular Apple iPhone 17 Pro Max 256GB Swap Grade A,"Apple iPhone 17 Pro Max 6.9"" 256GB Orange - Swap (Grado A+)",Atlantico Shop,1170.0,6095.7,493024,https://www.comprasparaguai.com.br/apple-iphone-17-pro-max-69-256gb-orange-swap-grado-a__5595172/,https://www.atlanticoshop.com/
2026-09-25 15:52:49,Celular Apple iPhone 17 Pro Max 256GB Swap Grade A,iPhone 17 Pro Max 256GB Esim Orange Americano Swap A,Best Shop Paraguai,1170.0,6095.7,160520,https://www.comprasparaguai.com.br/iphone-17-pro-max-256gb-esim-orange-americano-swap-a__5259796/,http://www.bestshop.com.py/
2026-09-25 15:52:49,Celular Apple iPhone 17 Pro Max 256GB Swap Grade A,iPhone 17 Pro Max 256GB Esim Orange Americano Garantia Apple Swap A,Best Shop Paraguai,1130.0,5887.3,153928,https://www.comprasparaguai.com.br/iphone-17-pro-max-256gb-esim-orange-americano-garantia-apple-swap-a__5149179/,http://www.bestshop.com.py/
2026-09-25 15:52:49,Celular Apple iPhone 17 Pro Max 256GB Swap Grade A,iPhone 17 Pro Max 256GB Esim Silver Americano Swap A,Best Shop Paraguai,1170.0,6095.7,160599,https://www.comprasparaguai.com.br/iphone-17-pro-max-256gb-esim-silver-americano-swap-a__5259795/,http://www.bestshop.com.py/
2026-09-25 15:52:49,Celular Apple iPhone 17 Pro Max 256GB Swap Grade A,Swap iPhone 17 Pro Max 256GB Blue Grado A Con Garantia Apple,Direto América,1165.0,6069.65,36507,https://www.comprasparaguai.com.br/swap-iphone-17-pro-max-256gb-blue-grado-a-con-garantia-apple__5478574/,
2026-09-25 15:52:49,Celular Apple iPhone 17 Pro Max 256GB Swap Grade A,Swap iPhone 17 Pro Max 256GB Orange Grado A ( Garantia Apple),Direto América,1170.0,6095.7,36516,https://www.comprasparaguai.com.br/swap-iphone-17-pro-max-256gb-orange-grado-a-garantia-apple__5478578/,
2026-09-25 15:52:49,Celular Apple iPhone 17 Pro Max 256GB Swap Grade A,Swap iPhone 17 Pro Max 256GB Orange Grado A Con Garantia Apple,Direto América,1170.0,6095.7,36515,https://www.comprasparaguai.com.br/swap-iphone-17-pro-max-256gb-orange-grado-a-con-garantia-apple__5478576/,
2026-09-25 15:52:49,Celular Apple iPhone 17 Pro Max 256GB Swap Grade A,Apple iPhone 17 Pro Max 256GB Tela Super Retina XDR 6.1 Cam Tripla 12+12+12 /12MP / Blue - Swap | Grade A ( 1 Mes de Garantia),Direto América,1165.0,6069.65,33954,https://www.comprasparaguai.com.br/apple-iphone-17-pro-max-256gb-tela-super-retina-xdr-61-cam-tripla-121212-12mp-blue-swap-grade-a-1-mes-de-garantia__5366732/,
2026-09-25 15:52:49,Celular Apple iPhone 17 Pro Max 256GB Swap Grade A,Swap iPhone 17 Pro Max 256GB Blue Grado A ( Garantia Apple),Direto América,1165.0,6069.65,36508,https://www.comprasparaguai.com.br/swap-iphone-17-pro-max-256gb-blue-grado-a-garantia-apple__5478575/,
2026-09-25 15:52:49,Celular Apple iPhone 17 Pro Max 256GB Swap Grade A,Swap iPhone 17 Pro Max 256GB Orange Grado A ( Garantia Apple),Direto América,1170.0,6095.7,36517,https://www.comprasparaguai.com.br/swap-iphone-17-pro-max-256gb-orange-grado-a-garantia-apple__5478577/,
2026-09-25 15:52:49,Celular Apple iPhone 17 Pro Max 256GB Swap Grade A,iPhone 17 Pro Max 256GB Orange Usado Grade A,Cell World,1320.0,6877.2,1210,https://www.comprasparaguai.com.br/iphone-17-pro-max-256gb-orange-usado-grade-a__5339363/,https://www.cellworldimport.com/
2026-09-25 15:52:49,Celular Apple iPhone 17 Pro Max 256GB Swap Grade A,iPhone 17 Pro Max 256 Usado Blue Grade A,Cell World,1320.0,6877.2,2,https://www.comprasparaguai.com.br/iphone-17-pro-max-256-usado-blue-grade-a__5339362/,https://www.cellworldimport.com/
2026-09-25 15:52:49,Celular Apple iPhone 17 Pro Max 256GB Recondicionado,Apple iPhone 17 Pro Max 256GB A3257 LL Tela Super Retina XDR 6.9 / Cam Tripla 48+48+48MP/18MP Center Stage / Ios 26 - Cosmic Orange (As Is A-),One Click,1148.0,5981.08,73486,https://www.comprasparaguai.com.br/apple-iphone-17-pro-max-256gb-a3257-ll-tela-super-retina-xdr-69-cam-tripla-484848mp18mp-center-stage-ios-26-cosmic-orange-as-is-a__5332753/,https://oneclick.com.py/
2026-09-25 15:52:49,Celular Apple iPhone 17 Pro Max 256GB Recondicionado,Celular Apple iPhone 17 Pro Max 256GB Orange Asis,Shopping China,1230.0,6408.3,1067935,https://www.comprasparaguai.com.br/celular-apple-iphone-17-pro-max-256gb-orange-asis__5364190/,https://www.shoppingchina.com.br/
2026-09-25 15:52:49,Celular Apple iPhone 17 Pro Max 256GB Recondicionado,iPhone 17 Pro Max 256GB Orange Swap c/Garantia Apple,Mundo do Celular,1185.0,6173.85,156639,https://www.comprasparaguai.com.br/iphone-17-pro-max-256gb-orange-swap-cgarantia-apple__5594240/,http://www.mundodocelular.com/
2026-09-25 15:52:49,Celular Apple iPhone 17 Pro Max 256GB Recondicionado,iPhone 17 Pro Max 256GB Deep Blue Swap c/Garantia Apple,Mundo do Celular,1180.0,6147.8,155120,https://www.comprasparaguai.com.br/iphone-17-pro-max-256gb-deep-blue-swap-cgarantia-apple__5594241/,http://www.mundodocelular.com/
2026-09-25 15:52:49,Celular Apple iPhone 17 Pro Max 256GB Recondicionado,iPhone 17 Pro Max 256GB Usa Asis Silver,Melody,1230.0,6408.3,7350-9,https://www.comprasparaguai.com.br/iphone-17-pro-max-256gb-usa-asis-silver__5363057/,https://melody.com.py/
2026-09-25 15:52:49,Celular Apple iPhone 17 Pro Max 256GB Recondicionado,Swap iPhone 17 Pro Max 256GB,Eshop Cell,1150.0,5991.5,376,https://www.comprasparaguai.com.br/swap-iphone-17-pro-max-256gb__5550914/,https://eshopcell.com
2026-09-25 15:52:49,Celular Apple iPhone 16 Pro Max 1TB,Apple iPhone 17 Pro Max A3257 1TB Dual Esim Cosmic Orange,Flytec Computers,1730.0,9013.3,6892,https://www.comprasparaguai.com.br/apple-iphone-17-pro-max-a3257-1tb-dual-esim-cosmic-orange__4960389/,http://www.flytec.com.py/
2026-09-25 15:52:49,Celular Apple iPhone 17 Pro Max 1TB Recondicionado,Cel iPhone 17 Pro Max 1TB Silver Swap,Mini Carlos,1440.0,7502.4,1349,https://www.comprasparaguai.com.br/cel-iphone-17-pro-max-1tb-silver-swap__4468012/,https://minicarlos.com.py/
2026-09-25 15:52:49,Celular Motorola Moto G04s XT-2421 Dual Chip 64GB 4G,Cel iPhone 17 Pro Max 256GB Azul Japones,Mini Carlos,1225.0,6382.25,997,https://www.comprasparaguai.com.br/cel-iphone-17-pro-max-256gb-azul-japones__4634403/,https://minicarlos.com.py/
2026-09-25 15:52:49,Celular Samsung Galaxy A36 SM-A366E Dual Chip 128GB 5G - RAM 8GB,Cel iPhone 17 Pro Max 256GB Laranja Swap,Mini Carlos,1160.0,6043.6,1159,https://www.comprasparaguai.com.br/cel-iphone-17-pro-max-256gb-laranja-swap__4776540/,https://minicarlos.com.py/
2026-09-26 15:49:00,Celular Apple iPhone 17 Pro Max 256GB,Apple iPhone 17 Pro Max A3526 Dual 256 GB MFYN4BE/A - Cosmic Orange,Nissei,1335.0,6955.35,147805,https://www.comprasparaguai.com.br/apple-iphone-17-pro-max-a3526-dual-256-gb-mfyn4bea-cosmic-orange__5063595/,https://www.comprasparaguai.com.br/lojas/nissei/
2026-09-26 15:49:00,Celular Apple iPhone 17 Pro Max 256GB,Apple iPhone 17 Pro Max A3526 Dual 256 GB MFYP4BE/A - Deep Blue,Nissei,1335.0,6955.35,150913,https://www.comprasparaguai.com.br/apple-iphone-17-pro-max-a3526-dual-256-gb-mfyp4bea-deep-blue__5150876/,https://www.comprasparaguai.com.br/lojas/nissei/
2026-09-26 15:49:00,Celular Apple iPhone 17 Pro Max 256GB,Apple iPhone 17 Pro Max 256GB A3257 LL Tela Super Retina XDR 6.9 / Cam Tripla 48+48+48MP/18MP Center Stage / Ios 26 - Cosmic Orange,One Click,1263.0,6580.23,68451,https://www.comprasparaguai.com.br/apple-iphone-17-pro-max-256gb-a3257-ll-tela-super-retina-xdr-69-cam-tripla-484848mp18mp-center-stage-ios-26-cosmic-orange__5046733/,https://www.comprasparaguai.com.br/lojas/one-click/
2026-09-26 15:49:00,Celular Apple iPhone 17 Pro Max 256GB,Apple iPhone 17 Pro Max 256GB A3257 LL Tela Super Retina XDR 6.9 / Cam Tripla 48+48+48MP/18MP Center Stage / Ios 26 - Silver,One Click,1263.0,6580.23,68468,https://www.comprasparaguai.com.br/apple-iphone-17-pro-max-256gb-a3257-ll-tela-super-retina-xdr-69-cam-tripla-484848mp18mp-center-stage-ios-26-silver__5046668/,https://www.comprasparaguai.com.br/lojas/one-click/
2026-09-26 15:49:00,Celular Apple iPhone 17 Pro Max 256GB,Apple iPhone 17 Pro Max 256GB A3257 LL Tela Super Retina XDR 6.9 / Cam Tripla 48+48+48MP/18MP Center Stage / Ios 26 - Deep Blue,One Click,1263.0,6580.23,68475,https://www.comprasparaguai.com.br/apple-iphone-17-pro-max-256gb-a3257-ll-tela-super-retina-xdr-69-cam-tripla-484848mp18mp-center-stage-ios-26-deep-blue__5046669/,https://www.comprasparaguai.com.br/lojas/one-click/
2026-09-26 15:49:00,Celular Apple iPhone 17 Pro Max 256GB,"Apple iPhone 17 Pro Max Be/A3526 256GB 6.9"" 48+48+48MP/18MP Ios - Azul Profundo",Mobile Zone,1280.0,6668.8,1395839,https://www.comprasparaguai.com.br/apple-iphone-17-pro-max-bea3526-256gb-69-484848mp18mp-ios-azul-profundo__5124867/,https://www.comprasparaguai.com.br/lojas/mobile-zone/
2026-09-26 15:49:00,Celular Apple iPhone 17 Pro Max 256GB,"Apple iPhone 17 Pro Max Be/A3526 256GB 6.9"" 48+48+48MP/18MP Ios - Cosmic Orange",Mobile Zone,1280.0,6668.8,1321685,https://www.comprasparaguai.com.br/apple-iphone-17-pro-max-bea3526-256gb-69-484848mp18mp-ios-cosmic-orange__5149429/,https://www.comprasparaguai.com.br/lojas/mobile-zone/
2026-09-26 15:49:00,Celular Apple iPhone 17 Pro Max 256GB,iPhone 17 Pro Max 256GB Silver A3257,Star Games,1330.0,6929.3,174145,https://www.comprasparaguai.com.br/iphone-17-pro-max-256gb-silver-a3257__5057653/,https://www.comprasparaguai.com.br/lojas/star-games/
2026-09-26 15:49:00,Celular Apple iPhone 17 Pro Max 256GB,iPhone 17 Pro Max 256GB Orange A3257,Star Games,1330.0,6929.3,174121,https://www.comprasparaguai.com.br/iphone-17-pro-max-256gb-orange-a3257__5057650/,https://www.comprasparaguai.com.br/lojas/star-games/
2026-09-26 15:49:00,Celular Apple iPhone 17 Pro Max 256GB,iPhone 17 Pro Max 256GB Blue A3257,Star Games,1330.0,6929.3,174138,https://www.comprasparaguai.com.br/iphone-17-pro-max-256gb-blue-a3257__5057644/,https://www.comprasparaguai.com.br/lojas/star-games/
2026-09-26 15:49:00,Celular Apple iPhone 17 Pro Max 256GB,Celular Apple iPhone 17 Pro Max A3257 MFXG4LL/A 256GB Silver,Shopping China,1275.0,6642.75,1010773,https://www.comprasparaguai.com.br/celular-apple-iphone-17-pro-max-a3257-mfxg4lla-256gb-silver__5046916/,https://www.comprasparaguai.com.br/lojas/shopping-china/
2026-09-26 15:49:00,Celular Apple iPhone 17 Pro Max 256GB,Celular Apple iPhone 17 Pro Max A3257 MFXH4LL/A 256GB Cosmic Orange,Shopping China,1270.0,6616.7,1011079,https://www.comprasparaguai.com.br/celular-apple-iphone-17-pro-max-a3257-mfxh4lla-256gb-cosmic-orange__5016707/,https://www.comprasparaguai.com.br/lojas/shopping-china/
2026-09-26 15:49:00,Celular Apple iPhone 17 Pro Max 256GB,Celular Apple iPhone 17 Pro Max 256GB Silver JP,Shopping China,1270.0,6616.7,1034029,https://www.comprasparaguai.com.br/celular-apple-iphone-17-pro-max-256gb-silver-jp__5364542/,https://www.comprasparaguai.com.br/lojas/shopping-china/
2026-09-26 15:49:00,Celular Apple iPhone 17 Pro Max 256GB,Celular Apple iPhone 17 Pro Max 256GB Cosmic Orange JP,Shopping China,1275.0,6642.75,1034025,https://www.comprasparaguai.com.br/celular-apple-iphone-17-pro-max-256gb-cosmic-orange-jp__5203667/,https://www.comprasparaguai.com.br/lojas/shopping-china/
2026-09-26 15:49:00,Celular Apple iPhone 17 Pro Max 256GB,Celular Apple iPhone 17 Pro Max A3257 MFXJ4LL/A 256GB Deep Blue,Shopping China,1265.0,6590.65,1011076,https://www.comprasparaguai.com.br/celular-apple-iphone-17-pro-max-a3257-mfxj4lla-256gb-deep-blue__5016705/,https://www.comprasparaguai.com.br/lojas/shopping-china/
2026-09-26 15:49:00,Celular Apple iPhone 17 Pro Max 256GB,Celular Apple iPhone 17 Pro Max 256GB Deep Blue JP,Shopping China,1290.0,6720.9,1034035,https://www.comprasparaguai.com.br/celular-apple-iphone-17-pro-max-256gb-deep-blue-jp__5203668/,https://www.comprasparaguai.com.br/lojas/shopping-china/
2026-09-26 15:49:00,Celular Apple iPhone 17 Pro Max 256GB,Celular Apple iPhone 17 Pro Max 256GB Cosmic Orange,Shopping China,1300.0,6773.0,1019037,https://www.comprasparaguai.com.br/celular-apple-iphone-17-pro-max-256gb-cosmic-orange__5203626/,https://www.comprasparaguai.com.br/lojas/shopping-china/
2026-09-26 15:49:00,Celular Apple iPhone 17 Pro Max 256GB,iPhone 17 Pro Max 256GB Silver A3526 Anatel e-Sim+Sim,Mundo do Celular,1449.0,7549.29,154659,https://www.comprasparaguai.com.br/iphone-17-pro-max-256gb-silver-a3526-anatel-e-simsim__5330163/,https://www.comprasparaguai.com.br/lojas/mundo-do-celular/
2026-09-26 15:49:00,Celular Apple iPhone 17 Pro Max 256GB,Celular iPhone 17 Pro Max - 256GB - Blue,Mario Cell,1263.0,6580.23,123167,https://www.comprasparaguai.com.br/celular-iphone-17-pro-max-256gb-blue__5045892/,https://www.comprasparaguai.com.br/lojas/mario-cell/
2026-09-26 15:49:00,Celular Apple iPhone 17 Pro Max 256GB,Celular Apple iPhone 17 Pro Max - 256GB - Canadá - Azul Intenso,Mario Cell,1263.0,6580.23,125673,https://www.comprasparaguai.com.br/celular-apple-iphone-17-pro-max-256gb-canada-azul-intenso__5218134/,https://www.comprasparaguai.com.br/lojas/mario-cell/
2026-09-26 15:49:00,Celular Apple iPhone 17 Pro Max 256GB,Celular iPhone 17 Pro Max - 256GB - Orange,Mario Cell,1263.0,6580.23,123150,https://www.comprasparaguai.com.br/celular-iphone-17-pro-max-256gb-orange__5045889/,https://www.comprasparaguai.com.br/lojas/mario-cell/
2026-09-26 15:49:00,Celular Apple iPhone 17 Pro Max 256GB,Celular Appel iPhone 17 Pro Max - 256GB - Canadá - Laranja,Mario Cell,1263.0,6580.23,125659,https://www.comprasparaguai.com.br/celular-appel-iphone-17-pro-max-256gb-canada-laranja__5218132/,https://www.comprasparaguai.com.br/lojas/mario-cell/
2026-09-26 15:49:00,Celular Apple iPhone 17 Pro Max 256GB,Apple iPhone 17 Pro Max 256GB Ah/Es Blue,Melody,1280.0,6668.8,7420-9,https://www.comprasparaguai.com.br/apple-iphone-17-pro-max-256gb-ahes-blue__5550225/,https://www.comprasparaguai.com.br/lojas/melody/
2026-09-26 15:49:00,Celular Apple iPhone 17 Pro Max 256GB,Celular Apple iPhone 17 Pro Max 256GB Silver LL Lacrado Esim,MultiPass,1330.0,6929.3,141354,https://www.comprasparaguai.com.br/celular-apple-iphone-17-pro-max-256gb-silver-ll-lacrado-esim__5169019/,https://www.comprasparaguai.com.br/lojas/multipass/
2026-09-26 15:49:00,Celular Apple iPhone 17 Pro Max 256GB,Celular Apple iPhone 17 Pro Max 256GB Deep Blue LL Lacrado Esim,MultiPass,1282.0,6679.22,141349,https://www.comprasparaguai.com.br/celular-apple-iphone-17-pro-max-256gb-deep-blue-ll-lacrado-esim__5169020/,https://www.comprasparaguai.com.br/lojas/multipass/
2026-09-26 15:49:00,Celular Apple iPhone 17 Pro Max 256GB,Celular Apple iPhone 17 Pro Max 256GB Cosmic Orange LL Lacrado Esim,MultiPass,1330.0,6929.3,141343,https://www.comprasparaguai.com.br/celular-apple-iphone-17-pro-max-256gb-cosmic-orange-ll-lacrado-esim__5169021/,https://www.comprasparaguai.com.br/lojas/multipass/
2026-09-26 15:49:00,Celular Apple iPhone 17 Pro Max 256GB,Apple iPhone 17 Pro Max 256GB Esim LL - Deep Blue,Matrix Importados,1280.0,6668.8,49785,https://www.comprasparaguai.com.br/apple-iphone-17-pro-max-256gb-esim-ll-deep-blue__5394829/,https://www.comprasparaguai.com.br/lojas/matrix-importados/
2026-09-26 15:49:00,Celular Apple iPhone 17 Pro Max 256GB,Apple iPhone 17 Pro Max 256GB Esim LL - Silver,Matrix Importados,1280.0,6668.8,49782,https://www.comprasparaguai.com.br/apple-iphone-17-pro-max-256gb-esim-ll-silver__5394832/,https://www.comprasparaguai.com.br/lojas/matrix-importados/
2026-09-26 15:49:00,Celular Apple iPhone 17 Pro Max 256GB,Apple iPhone 17 Pro Max 256GB Esim LL - Cosmic Orange,Matrix Importados,1280.0,6668.8,50371,https://www.comprasparaguai.com.br/apple-iphone-17-pro-max-256gb-esim-ll-cosmic-orange__5394879/,https://www.comprasparaguai.com.br/lojas/matrix-importados/
2026-09-26 15:49:00,Celular Apple iPhone 17 Pro Max 256GB,Apple iPhone 17 Pro Max 256GB Orange Anatel,Matrix Importados,1300.0,6773.0,74295,https://www.comprasparaguai.com.br/apple-iphone-17-pro-max-256gb-orange-anatel__5512955/,https://www.comprasparaguai.com.br/lojas/matrix-importados/
2026-09-26 15:49:00,Celular Apple iPhone 17 Pro Max 256GB,Apple iPhone 17 Pro Max A3257 256GB Dual Esim Deep Blue,Flytec Computers,1295.0,6746.95,39711,https://www.comprasparaguai.com.br/apple-iphone-17-pro-max-a3257-256gb-dual-esim-deep-blue__5190272/,https://www.comprasparaguai.com.br/lojas/flytec-computers/
2026-09-26 15:49:00,Celular Apple iPhone 17 Pro Max 256GB,Apple iPhone 17 Pro Max A3257 256GB Dual Esim Cosmic Orange,Flytec Computers,1295.0,6746.95,68911,https://www.comprasparaguai.com.br/apple-iphone-17-pro-max-a3257-256gb-dual-esim-cosmic-orange__5120897/,https://www.comprasparaguai.com.br/lojas/flytec-computers/
2026-09-26 15:49:00,Celular Apple iPhone 17 Pro Max 256GB,Apple iPhone 17 Pro Max A3257 256GB Dual Esim Silver,Flytec Computers,1295.0,6746.95,3971,https://www.comprasparaguai.com.br/apple-iphone-17-pro-max-a3257-256gb-dual-esim-silver__5190273/,https://www.comprasparaguai.com.br/lojas/flytec-computers/
2026-09-26 15:49:00,Celular Apple iPhone 17 Pro Max 256GB,"Celular Apple iPhone 17 Pro Max A3257LL - 12/256GB - 6.9"" - e-Sim - NFC - Deep Blue",Madrid Center,1265.0,6590.65,1082937,https://www.comprasparaguai.com.br/celular-apple-iphone-17-pro-max-a3257ll-12256gb-69-e-sim-nfc-deep-blue__5015161/,https://www.comprasparaguai.com.br/lojas/madrid-center/
2026-09-26 15:49:00,Celular Apple iPhone 17 Pro Max 256GB,"Celular Apple iPhone 17 Pro Max A3257LL - 12/256GB - 6.9"" - e-Sim - NFC - Silver",Madrid Center,1270.0,6616.7,1083040,https://www.comprasparaguai.com.br/celular-apple-iphone-17-pro-max-a3257ll-12256gb-69-e-sim-nfc-silver__5016004/,https://www.comprasparaguai.com.br/lojas/madrid-center/
2026-09-26 15:49:00,Celular Apple iPhone 17 Pro Max 256GB,iPhone 17 Pro Max 256GB Americano Orange,Star Company,1330.0,6929.3,125376,https://www.comprasparaguai.com.br/iphone-17-pro-max-256gb-americano-orange__5386211/,https://www.comprasparaguai.com.br/lojas/star-company/
2026-09-26 15:49:00,Celular Apple iPhone 17 Pro Max 256GB,iPhone 17 Pro Max 256GB Americano Silver,Star Company,1330.0,6929.3,125369,https://www.comprasparaguai.com.br/iphone-17-pro-max-256gb-americano-silver__5386210/,https://www.comprasparaguai.com.br/lojas/star-company/
2026-09-26 15:49:00,Celular Apple iPhone 17 Pro Max 256GB,Apple iPhone 17 Pro Max 256GB MFXG4LL/A Silver Ame,Topdek Informática,1330.0,6929.3,379333,https://www.comprasparaguai.com.br/apple-iphone-17-pro-max-256gb-mfxg4lla-silver-ame__5231676/,https://www.comprasparaguai.com.br/lojas/topdek-informatica/
2026-09-26 15:49:00,Celular Apple iPhone 17 Pro Max 256GB,Apple iPhone 17 Pro Max 256GB MFXJ4LL/A Blue Deep Blue A3257,Topdek Informática,1330.0,6929.3,374058,https://www.comprasparaguai.com.br/apple-iphone-17-pro-max-256gb-mfxj4lla-blue-deep-blue-a3257__5206619/,https://www.comprasparaguai.com.br/lojas/topdek-informatica/
2026-09-26 15:49:00,Celular Apple iPhone 17 Pro Max 256GB,Apple iPhone 17 Pro Max 256GB MFXH4LL/A Orange A3257,Topdek Informática,1330.0,6929.3,375474,https://www.comprasparaguai.com.br/apple-iphone-17-pro-max-256gb-mfxh4lla-orange-a3257__5211661/,https://www.comprasparaguai.com.br/lojas/topdek-informatica/
2026-09-26 15:49:00,Celular Apple iPhone 17 Pro Max 256GB,"Apple iPhone 17 Pro Max Be/A3526 6.9"" 256GB - Deep Blue",Atlantico Shop,1330.0,6929.3,469845,https://www.comprasparaguai.com.br/apple-iphone-17-pro-max-bea3526-69-256gb-deep-blue__5546085/,https://www.comprasparaguai.com.br/lojas/atlantico-shop/
2026-09-26 15:49:00,Celular Apple iPhone 17 Pro Max 256GB,Apple iPhone 17 Pro Max 256GB Laranja Esim A3257-LL,Alborada,1330.0,6929.3,0-801692,https://www.comprasparaguai.com.br/apple-iphone-17-pro-max-256gb-laranja-esim-a3257-ll__5408651/,https://www.comprasparaguai.com.br/lojas/alborada/
2026-09-26 15:49:00,Celular Apple iPhone 17 Pro Max 256GB,Celular iPhone 17 Pro Max 256GB MFXH4LL/A Laranja,WB Shop,1349.0,7028.29,2284,https://www.comprasparaguai.com.br/celular-iphone-17-pro-max-256gb-mfxh4lla-laranja__5129166/,https://www.comprasparaguai.com.br/lojas/wb-shop/
2026-09-26 15:49:00,Celular Apple iPhone 17 Pro Max 256GB,Apple iPhone 17 Pro Max 256GB Azul Esim A3257-LL,Alborada,1330.0,6929.3,0-801681,https://www.comprasparaguai.com.br/apple-iphone-17-pro-max-256gb-azul-esim-a3257-ll__5408090/,https://www.comprasparaguai.com.br/lojas/alborada/
2026-09-26 15:49:00,Celular Apple iPhone 17 Pro Max 256GB,Apple iPhone 17 Pro Max 256GB Prata Esim A3257-LL,Alborada,1330.0,6929.3,0-801705,https://www.comprasparaguai.com.br/apple-iphone-17-pro-max-256gb-prata-esim-a3257-ll__5408397/,https://www.comprasparaguai.com.br/lojas/alborada/
2026-09-26 15:49:00,Celular Apple iPhone 17 Pro Max 256GB,"Apple iPhone 17 Pro Max A3526 Be 256GB 12GB Ram Tela 6.9"" - Laranja Cósmico (Anatel)",Atacado Connect,1310.0,6825.1,1291315,https://www.comprasparaguai.com.br/apple-iphone-17-pro-max-a3526-be-256gb-12gb-ram-tela-69-laranja-cosmico-anatel__5060755/,https://www.comprasparaguai.com.br/lojas/atacado-connect/
2026-09-26 15:49:00,Celular Apple iPhone 17 Pro Max 256GB,"Apple iPhone 17 Pro Max A3257 LL 256GB Esim Tela 6.9"" - Azul Intenso",Atacado Connect,1277.0,6653.17,1379648,https://www.comprasparaguai.com.br/apple-iphone-17-pro-max-a3257-ll-256gb-esim-tela-69-azul-intenso__5367964/,https://www.comprasparaguai.com.br/lojas/atacado-connect/
2026-09-26 15:49:00,Celular Apple iPhone 17 Pro Max 256GB,"Apple iPhone 17 Pro Max A3525 4J 256GB Esim Tela 6.9"" - Prata",Atacado Connect,1295.0,6746.95,1288223,https://www.comprasparaguai.com.br/apple-iphone-17-pro-max-a3525-4j-256gb-esim-tela-69-prata__5051983/,https://www.comprasparaguai.com.br/lojas/atacado-connect/
2026-09-26 15:49:00,Celular Apple iPhone 17 Pro Max 256GB,"Apple iPhone 17 Pro Max A3257 LL 256GB Esim Tela 6.9"" - Laranja Cósmico",Atacado Connect,1299.0,6767.79,1383171,https://www.comprasparaguai.com.br/apple-iphone-17-pro-max-a3257-ll-256gb-esim-tela-69-laranja-cosmico__5374217/,https://www.comprasparaguai.com.br/lojas/atacado-connect/
2026-09-26 15:49:00,Celular Apple iPhone 17 Pro Max 256GB,"Apple iPhone 17 Pro Max A3525 4J 256GB Esim Tela 6.9"" - Laranja Cósmico",Atacado Connect,1305.0,6799.05,1380590,https://www.comprasparaguai.com.br/apple-iphone-17-pro-max-a3525-4j-256gb-esim-tela-69-laranja-cosmico__5494935/,https://www.comprasparaguai.com.br/lojas/atacado-connect/
2026-09-26 15:49:00,Celular Apple iPhone 17 Pro Max 256GB,"Apple iPhone 17 Pro Max A3525 AA 256GB Esim Tela 6.9"" - Laranja Cósmico",Atacado Connect,1285.0,6694.85,1427523,https://www.comprasparaguai.com.br/apple-iphone-17-pro-max-a3525-aa-256gb-esim-tela-69-laranja-cosmico__5544917/,https://www.comprasparaguai.com.br/lojas/atacado-connect/
2026-09-26 15:49:00,Celular Apple iPhone 17 Pro Max 256GB,"Apple iPhone 17 Pro Max A3525 4J 256GB Esim Tela 6.9"" - Azul Intenso",Atacado Connect,1295.0,6746.95,1288216,https://www.comprasparaguai.com.br/apple-iphone-17-pro-max-a3525-4j-256gb-esim-tela-69-azul-intenso__5051982/,https://www.comprasparaguai.com.br/lojas/atacado-connect/
2026-09-26 15:49:00,Celular Apple iPhone 17 Pro Max 256GB,"Apple iPhone 17 Pro Max A3257 LL 256GB Esim Tela 6.9"" - Laranja Cósmico",Atacado Connect,1299.0,6767.79,1274967,https://www.comprasparaguai.com.br/apple-iphone-17-pro-max-a3257-ll-256gb-esim-tela-69-laranja-cosmico__5015652/,https://www.comprasparaguai.com.br/lojas/atacado-connect/
2026-09-26 15:49:00,Celular Apple iPhone 17 Pro Max 256GB,"Apple iPhone 17 Pro Max A3257 LL 256GB 12GB Ram Esim Tela 6.9"" - Prata",Atacado Connect,1265.0,6590.65,1274950,https://www.comprasparaguai.com.br/apple-iphone-17-pro-max-a3257-ll-256gb-12gb-ram-esim-tela-69-prata__5015654/,https://www.comprasparaguai.com.br/lojas/atacado-connect/
2026-09-26 15:49:00,Celular Apple iPhone 17 Pro Max 256GB,"Apple iPhone 17 Pro Max A3257 LL 256GB 12GB Ram Esim Tela 6.9"" - Azul",Atacado Connect,1290.0,6720.9,1274974,https://www.comprasparaguai.com.br/apple-iphone-17-pro-max-a3257-ll-256gb-12gb-ram-esim-tela-69-azul__5015467/,https://www.comprasparaguai.com.br/lojas/atacado-connect/
2026-09-26 15:49:00,Celular Apple iPhone 17 Pro Max 256GB,Cel Apple New iPhone 17 Pro Max 256GB A-3525 Cosmic Orange 4J/A Esim,LG Importados,1300.0,6773.0,921244,https://www.comprasparaguai.com.br/cel-apple-new-iphone-17-pro-max-256gb-a-3525-cosmic-orange-4ja-esim__5527224/,https://www.comprasparaguai.com.br/lojas/lg-importados/
2026-09-26 15:49:00,Celular Apple iPhone 17 Pro Max 256GB,Cel Apple New iPhone 17 Pro Max 256GB A-3257 Cosmic Orange LL,LG Importados,1300.0,6773.0,893831,https://www.comprasparaguai.com.br/cel-apple-new-iphone-17-pro-max-256gb-a-3257-cosmic-orange-ll__5511833/,https://www.comprasparaguai.com.br/lojas/lg-importados/
2026-09-26 15:49:00,Celular Apple iPhone 17 Pro Max 256GB,iPhone 17 Pro Max 256GB A3257 LL/A Esim Cosmic Orange,Best Shop Paraguai,1330.0,6929.3,147521,https://www.comprasparaguai.com.br/iphone-17-pro-max-256gb-a3257-lla-esim-cosmic-orange__5019780/,https://www.comprasparaguai.com.br/lojas/best-shop-paraguai/
2026-09-26 15:49:00,Celular Apple iPhone 17 Pro Max 256GB,"Celualr Apple iPhone 17 Pro Max A3525 4J 256GB 12GB Ram Esim Tela 6.9"" 48MP - Azul",Super Games,1295.0,6746.95,348478,https://www.comprasparaguai.com.br/celualr-apple-iphone-17-pro-max-a3525-4j-256gb-12gb-ram-esim-tela-69-48mp-azul__5160980/,https://www.comprasparaguai.com.br/lojas/super-games/
2026-09-26 15:49:00,Celular Apple iPhone 17 Pro Max 256GB,iPhone 17 Pro Max 256GB A3525 Ah/A Esim Cosmic Orange,Best Shop Paraguai,1330.0,6929.3,168823,https://www.comprasparaguai.com.br/iphone-17-pro-max-256gb-a3525-aha-esim-cosmic-orange__5542748/,https://www.comprasparaguai.com.br/lojas/best-shop-paraguai/
2026-09-26 15:49:00,Celular Apple iPhone 17 Pro Max 256GB,iPhone 17 Pro Max 256GB A3526 Be/A Cosmic Orange Sim Fisico + Esim,Best Shop Paraguai,1345.0,7007.45,149556,https://www.comprasparaguai.com.br/iphone-17-pro-max-256gb-a3526-bea-cosmic-orange-sim-fisico-esim__5060971/,https://www.comprasparaguai.com.br/lojas/best-shop-paraguai/
2026-09-26 15:49:00,Celular Apple iPhone 17 Pro Max 256GB,iPhone 17 Pro Max 256GB A3525 VC/A Esim Deep Blue,Best Shop Paraguai,1330.0,6929.3,148443,https://www.comprasparaguai.com.br/iphone-17-pro-max-256gb-a3525-vca-esim-deep-blue__5047079/,https://www.comprasparaguai.com.br/lojas/best-shop-paraguai/
2026-09-26 15:49:00,Celular Apple iPhone 17 Pro Max 256GB,iPhone 17 Pro Max 256GB A3525 Ah/A Esim Deep Blue,Best Shop Paraguai,1330.0,6929.3,170284,https://www.comprasparaguai.com.br/iphone-17-pro-max-256gb-a3525-aha-esim-deep-blue__5591014/,https://www.comprasparaguai.com.br/lojas/best-shop-paraguai/
2026-09-26 15:49:00,Celular Apple iPhone 17 Pro Max 256GB,"Celular Apple iPhone 17 Pro Max A3526 Be 256GB 12GB Ram Tela 6.9"" 48MP - Laranja",Super Games,1350.0,7033.5,348607,https://www.comprasparaguai.com.br/celular-apple-iphone-17-pro-max-a3526-be-256gb-12gb-ram-tela-69-48mp-laranja__5349877/,https://www.comprasparaguai.com.br/lojas/super-games/
2026-09-26 15:49:00,Celular Apple iPhone 17 Pro Max 256GB,"Celular Apple iPhone 17 Pro Max A3257 LL 256GB 12GB Ram Tela 6.9""- Laranja Cósmico (Esim )",Super Games,1270.0,6616.7,340670,https://www.comprasparaguai.com.br/celular-apple-iphone-17-pro-max-a3257-ll-256gb-12gb-ram-tela-69-laranja-cosmico-esim__5023305/,https://www.comprasparaguai.com.br/lojas/super-games/
2026-09-26 15:49:00,Celular Apple iPhone 17 Pro Max 256GB,iPhone 17 Pro Max 256GB A3525 4J/A Esim Cosmic Orange,Best Shop Paraguai,1330.0,6929.3,149358,https://www.comprasparaguai.com.br/iphone-17-pro-max-256gb-a3525-4ja-esim-cosmic-orange__5058819/,https://www.comprasparaguai.com.br/lojas/best-shop-paraguai/
2026-09-26 15:49:00,Celular Apple iPhone 17 Pro Max 256GB,iPhone 17 Pro Max 256GB A3257 LL/A Esim Silver,Best Shop Paraguai,1330.0,6929.3,147538,https://www.comprasparaguai.com.br/iphone-17-pro-max-256gb-a3257-lla-esim-silver__5019782/,https://www.comprasparaguai.com.br/lojas/best-shop-paraguai/
2026-09-26 15:49:00,Celular Apple iPhone 17 Pro Max 256GB,iPhone 17 Pro Max 256GB A3257 LL/A Esim Deep Blue,Best Shop Paraguai,1330.0,6929.3,147545,https://www.comprasparaguai.com.br/iphone-17-pro-max-256gb-a3257-lla-esim-deep-blue__5016814/,https://www.comprasparaguai.com.br/lojas/best-shop-paraguai/
2026-09-26 15:49:00,Celular Apple iPhone 17 Pro Max 256GB,"Celular Apple iPhone 17 Pro Max A3526 Be 256GB 12GB Ram Tela 6.9"" 48MP - Azul",Super Games,1350.0,7033.5,353779,https://www.comprasparaguai.com.br/celular-apple-iphone-17-pro-max-a3526-be-256gb-12gb-ram-tela-69-48mp-azul__5349876/,https://www.comprasparaguai.com.br/lojas/super-games/
2026-09-26 15:49:00,Celular Apple iPhone 17 Pro Max 256GB,iPhone 17 Pro Max 256GB A3525 VC/A Esim Cosmic Orange,Best Shop Paraguai,1330.0,6929.3,148788,https://www.comprasparaguai.com.br/iphone-17-pro-max-256gb-a3525-vca-esim-cosmic-orange__5046287/,https://www.comprasparaguai.com.br/lojas/best-shop-paraguai/
2026-09-26 15:49:00,Celular Apple iPhone 17 Pro Max 256GB,"Apple iPhone 17 Pro Max A3257 69"" Esim 256GB 12GB Deep Blue",Casa Americana,1279.91,6668.33,289255,https://www.comprasparaguai.com.br/apple-iphone-17-pro-max-a3257-69-esim-256gb-12gb-deep-blue__5202090/,https://www.comprasparaguai.com.br/lojas/casa-americana/
2026-09-26 15:49:00,Celular Apple iPhone 17 Pro Max 256GB,iPhone 17 Pro Max A3257 Esim 12+256GB Laranja Cósmica,Casa Americana,1279.91,6668.33,289810,https://www.comprasparaguai.com.br/iphone-17-pro-max-a3257-esim-12256gb-laranja-cosmica__5235903/,https://www.comprasparaguai.com.br/lojas/casa-americana/
2026-09-26 15:49:00,Celular Apple iPhone 17 Pro Max 256GB,Apple iPhone 17 Pro Max 256 GB - Orange,Apex Company,1310.0,6825.1,1207.000000,https://www.comprasparaguai.com.br/apple-iphone-17-pro-max-256-gb-orange__5374163/,https://www.comprasparaguai.com.br/lojas/apex-company/
2026-09-26 15:49:00,Celular Apple iPhone 17 Pro Max 256GB,Apple iPhone 17 Pro Max 256GB JP - Silver,Xcell,1330.0,6929.3,34016,https://www.comprasparaguai.com.br/apple-iphone-17-pro-max-256gb-jp-silver__5371251/,https://www.comprasparaguai.com.br/lojas/xcell/
2026-09-26 15:49:00,Celular Apple iPhone 17 Pro Max 256GB,Cel Apple iPhone 17 Pro Max 256GB Silver MFXG4LL/A,ASM Group,1350.0,7033.5,5576,https://www.comprasparaguai.com.br/cel-apple-iphone-17-pro-max-256gb-silver-mfxg4lla__5199129/,https://www.comprasparaguai.com.br/lojas/asm-group/
2026-09-26 15:49:00,Celular Apple iPhone 17 Pro Max 256GB,iPhone 17 Pro Max 256GB Silver LL/A (Americano),Swap Store,1290.0,6720.9,30569,https://www.comprasparaguai.com.br/iphone-17-pro-max-256gb-silver-lla-americano__5169244/,https://www.comprasparaguai.com.br/lojas/swap-store/
2026-09-26 15:49:00,Celular Apple iPhone 17 Pro Max 256GB,Cel iPhone 17 Pro Max 512GB Silver New Usa,Cell World,1610.0,8388.1,60529631,https://www.comprasparaguai.com.br/cel-iphone-17-pro-max-512gb-silver-new-usa__5225055/,https://www.comprasparaguai.com.br/lojas/cell-world/
2026-09-26 15:49:00,Celular Apple iPhone 17 Pro Max 256GB,Apple iPhone 17 Pro Max 256GB JP - Orange,Xcell,1330.0,6929.3,34018,https://www.comprasparaguai.com.br/apple-iphone-17-pro-max-256gb-jp-orange__5371252/,https://www.comprasparaguai.com.br/lojas/xcell/
2026-09-26 15:49:00,Celular Apple iPhone 17 Pro Max 256GB,iPhone 17 Pro Max 256GB Comic Orange,Empire Shop,1320.0,6877.2,1151-8,https://www.comprasparaguai.com.br/iphone-17-pro-max-256gb-comic-orange__5279016/,https://www.comprasparaguai.com.br/lojas/empire-shop/
2026-09-26 15:49:00,Celular Apple iPhone 17 Pro Max 256GB,Apple iPhone 17 Pro Max 256 GB - Blue,Apex Company,1305.0,6799.05,1209.000000,https://www.comprasparaguai.com.br/apple-iphone-17-pro-max-256-gb-blue__5374162/,https://www.comprasparaguai.com.br/lojas/apex-company/
2026-09-26 15:49:00,Celular Apple iPhone 17 Pro Max 256GB,Apple iPhone 17 Pro Max 256GB - Deep Blue MFYP4BE (Nano - Esim) Anatel,Twin Shop,1263.0,6580.23,32778,https://www.comprasparaguai.com.br/apple-iphone-17-pro-max-256gb-deep-blue-mfyp4be-nano-esim-anatel__5260650/,https://www.comprasparaguai.com.br/lojas/twin-shop/
2026-09-26 15:49:00,Celular Apple iPhone 17 Pro Max 256GB,Apple iPhone 17 Pro Max 256GB - Silver MFYM4BE (Nano - Esim) Anatel,Twin Shop,1263.0,6580.23,33217,https://www.comprasparaguai.com.br/apple-iphone-17-pro-max-256gb-silver-mfym4be-nano-esim-anatel__5330047/,https://www.comprasparaguai.com.br/lojas/twin-shop/
2026-09-26 15:49:00,Celular Apple iPhone 17 Pro Max 256GB,Apple iPhone 17 Pro Max A3257 Dual 256 GB - Deep Blue,Ushuaia Center,1330.0,6929.3,7356,https://www.comprasparaguai.com.br/apple-iphone-17-pro-max-a3257-dual-256-gb-deep-blue__5536028/,https://www.comprasparaguai.com.br/lojas/ushuaia-center/
2026-09-26 15:49:00,Celular Apple iPhone 17 Pro Max 256GB,Apple iPhone 17 Pro Max 256 GB - Silver,Apex Company,1305.0,6799.05,1208.000000,https://www.comprasparaguai.com.br/apple-iphone-17-pro-max-256-gb-silver__5374164/,https://www.comprasparaguai.com.br/lojas/apex-company/
2026-09-26 15:49:00,Celular Apple iPhone 17 Pro Max 256GB,Apple iPhone 17 Pro Max 256GB A3257 LL/A Esim - Silver,Xcell,1330.0,6929.3,33323,https://www.comprasparaguai.com.br/apple-iphone-17-pro-max-256gb-a3257-lla-esim-silver__5335642/,https://www.comprasparaguai.com.br/lojas/xcell/
2026-09-26 15:49:00,Celular Apple iPhone 17 Pro Max 256GB,Cel iPhone 17 Pro Max 256GB Silver New Usa,Cell World,1290.0,6720.9,8683969,https://www.comprasparaguai.com.br/cel-iphone-17-pro-max-256gb-silver-new-usa__5229795/,https://www.comprasparaguai.com.br/lojas/cell-world/
2026-09-26 15:49:00,Celular Apple iPhone 17 Pro Max 256GB,iPhone 17 Pro Max 256GB Cosmic Orange LL/A (Americano),Swap Store,1290.0,6720.9,30567,https://www.comprasparaguai.com.br/iphone-17-pro-max-256gb-cosmic-orange-lla-americano__5169242/,https://www.comprasparaguai.com.br/lojas/swap-store/
2026-09-26 15:49:00,Celular Apple iPhone 17 Pro Max 256GB,Apple iPhone 17 Pro Max 256GB Americano (Esim) - Blue,Mestre,1263.0,6580.23,15500,https://www.comprasparaguai.com.br/apple-iphone-17-pro-max-256gb-americano-esim-blue__5015239/,https://www.comprasparaguai.com.br/lojas/mestre/
2026-09-26 15:49:00,Celular Apple iPhone 17 Pro Max 256GB,Apple iPhone 17 Pro Max 256GB Americano (Esim) - Orange,Mestre,1263.0,6580.23,15510,https://www.comprasparaguai.com.br/apple-iphone-17-pro-max-256gb-americano-esim-orange__5018564/,https://www.comprasparaguai.com.br/lojas/mestre/
2026-09-26 15:49:00,Celular Apple iPhone 17 Pro Max 256GB,iPhone 17 Pro Max Esim 256GB Cosmic Orange LL,Orbe Import,1330.0,6929.3,16148,https://www.comprasparaguai.com.br/iphone-17-pro-max-esim-256gb-cosmic-orange-ll__5368293/,https://www.comprasparaguai.com.br/lojas/orbe-import/
2026-09-26 15:49:00,Celular Apple iPhone 17 Pro Max 256GB,iPhone 17 Pro Max Esim 256GB Silver LL,Orbe Import,1330.0,6929.3,16162,https://www.comprasparaguai.com.br/iphone-17-pro-max-esim-256gb-silver-ll__5368291/,https://www.comprasparaguai.com.br/lojas/orbe-import/
2026-09-26 15:49:00,Celular Apple iPhone 17 Pro Max 256GB,Apple iPhone 17 Pro Max 256GB A3257 LL/A Esim - Deep Blue,Xcell,1330.0,6929.3,33320,https://www.comprasparaguai.com.br/apple-iphone-17-pro-max-256gb-a3257-lla-esim-deep-blue__5335641/,https://www.comprasparaguai.com.br/lojas/xcell/
2026-09-26 15:49:00,Celular Apple iPhone 17 Pro Max 256GB,iPhone 17 Pro Max 256GB Deep Blue LL/A (Americano),Swap Store,1290.0,6720.9,30568,https://www.comprasparaguai.com.br/iphone-17-pro-max-256gb-deep-blue-lla-americano__5169243/,https://www.comprasparaguai.com.br/lojas/swap-store/
2026-09-26 15:49:00,Celular Apple iPhone 17 Pro Max 256GB,iPhone 17 Pro Max 256GB Deep Blue,Empire Shop,1450.0,7554.5,1150-1,https://www.comprasparaguai.com.br/iphone-17-pro-max-256gb-deep-blue__5279014/,https://www.comprasparaguai.com.br/lojas/empire-shop/
2026-09-26 15:49:00,Celular Apple iPhone 17 Pro Max 256GB,Apple iPhone 17 Pro Max 256GB JP - Blue,Xcell,1330.0,6929.3,34017,https://www.comprasparaguai.com.br/apple-iphone-17-pro-max-256gb-jp-blue__5371250/,https://www.comprasparaguai.com.br/lojas/xcell/
2026-09-26 15:49:00,Celular Apple iPhone 17 Pro Max 256GB,Apple iPhone 17 Pro Max 256GB - Cosmic Orange MFY94AH (Esim),Twin Shop,1263.0,6580.23,32275,https://www.comprasparaguai.com.br/apple-iphone-17-pro-max-256gb-cosmic-orange-mfy94ah-esim__5236774/,https://www.comprasparaguai.com.br/lojas/twin-shop/
2026-09-26 15:49:00,Celular Apple iPhone 17 Pro Max 256GB,iPhone 17 Pro Max Esim 256GB Deep Blue LL,Orbe Import,1330.0,6929.3,16155,https://www.comprasparaguai.com.br/iphone-17-pro-max-esim-256gb-deep-blue-ll__5368292/,https://www.comprasparaguai.com.br/lojas/orbe-import/
2026-09-26 15:49:00,Celular Apple iPhone 17 Pro Max 256GB,Cel iPhone 17 Pro Max 512GB Blue New Usa,Cell World,1644.99,8570.4,60529668,https://www.comprasparaguai.com.br/cel-iphone-17-pro-max-512gb-blue-new-usa__5224768/,https://www.comprasparaguai.com.br/lojas/cell-world/
2026-09-26 15:49:00,Celular Apple iPhone 17 Pro Max 256GB,Apple iPhone 17 Pro Max 256GB Americano (Esim) - Silver,Mestre,1263.0,6580.23,15514,https://www.comprasparaguai.com.br/apple-iphone-17-pro-max-256gb-americano-esim-silver__5020365/,https://www.comprasparaguai.com.br/lojas/mestre/
2026-09-26 15:49:00,Celular Apple iPhone 17 Pro Max 256GB,Apple iPhone 17 Pro Max 256GB A3257 LL/A Esim - Orange,Xcell,1330.0,6929.3,33324,https://www.comprasparaguai.com.br/apple-iphone-17-pro-max-256gb-a3257-lla-esim-orange__5335643/,https://www.comprasparaguai.com.br/lojas/xcell/
2026-09-26 15:49:00,Celular Apple iPhone 17 Pro Max 256GB,Apple iPhone 17 Pro Max 256GB - Cosmic Orange MFYN4BE (Nano - Esim) Anatel,Twin Shop,1263.0,6580.23,32779,https://www.comprasparaguai.com.br/apple-iphone-17-pro-max-256gb-cosmic-orange-mfyn4be-nano-esim-anatel__5260651/,https://www.comprasparaguai.com.br/lojas/twin-shop/
2026-09-26 15:49:00,Celular Apple iPhone 17 Pro Max 256GB,Celular Apple iPhone 17 Pro Max 256GB/12GB Ram de 6.9″ 48+48+48MP/18MP – Deep Blue,Prime Shop,1263.0,6580.23,39083,https://www.comprasparaguai.com.br/celular-apple-iphone-17-pro-max-256gb12gb-ram-de-69-484848mp18mp-deep-blue__5016463/,https://www.comprasparaguai.com.br/lojas/prime-shop/
2026-09-26 15:49:00,Celular Apple iPhone 17 Pro Max 256GB,Apple iPhone 17 Pro Max 256GB MFXJ4LL/A Deep Blue,Roma Shopping,1265.0,6590.65,191542,https://www.comprasparaguai.com.br/apple-iphone-17-pro-max-256gb-mfxj4lla-deep-blue__5052341/,https://www.comprasparaguai.com.br/lojas/roma-shopping/
2026-09-26 15:49:00,Celular Apple iPhone 17 Pro Max 256GB,Apple iPhone 17 Pro Max 256GB MFXH4LL/A Cosmic Orange,Roma Shopping,1265.0,6590.65,191543,https://www.comprasparaguai.com.br/apple-iphone-17-pro-max-256gb-mfxh4lla-cosmic-orange__5052342/,https://www.comprasparaguai.com.br/lojas/roma-shopping/
2026-09-26 15:49:00,Celular Apple iPhone 17 Pro Max 256GB,Apple iPhone 17 Pro Max 256GB MFXG4LL/A Silver,Roma Shopping,1265.0,6590.65,191861,https://www.comprasparaguai.com.br/apple-iphone-17-pro-max-256gb-mfxg4lla-silver__5114744/,https://www.comprasparaguai.com.br/lojas/roma-shopping/
2026-09-26 15:49:00,Celular Apple iPhone 17 Pro Max 256GB,Apple iPhone 17 Pro Max 256GB MFYP4BE/A Deep Blue,Roma Shopping,1305.0,6799.05,195864,https://www.comprasparaguai.com.br/apple-iphone-17-pro-max-256gb-mfyp4bea-deep-blue__5254684/,https://www.comprasparaguai.com.br/lojas/roma-shopping/
2026-09-26 15:49:00,Celular Apple iPhone 17 Pro Max 256GB,Apple iPhone 17 Pro Max 256GB MFYN4BE/A Cosmic Orange,Roma Shopping,1305.0,6799.05,196035,https://www.comprasparaguai.com.br/apple-iphone-17-pro-max-256gb-mfyn4bea-cosmic-orange__5265658/,https://www.comprasparaguai.com.br/lojas/roma-shopping/
2026-09-26 15:49:00,Celular Apple iPhone 17 Pro Max 256GB,iPhone 17 Pro Max 256GB Silver JP,Empire Shop,1450.0,7554.5,1595-0,https://www.comprasparaguai.com.br/iphone-17-pro-max-256gb-silver-jp__5279017/,https://www.comprasparaguai.com.br/lojas/empire-shop/
2026-09-26 15:49:00,Celular Apple iPhone 17 Pro Max 512GB,Apple iPhone 17 Pro Max A3257 Dual 512 GB - Silver,Nissei,1620.0,8440.2,145678,https://www.comprasparaguai.com.br/apple-iphone-17-pro-max-a3257-dual-512-gb-silver__5016337/,https://www.comprasparaguai.com.br/lojas/nissei/
2026-09-26 15:49:00,Celular Apple iPhone 17 Pro Max 512GB,Apple iPhone 17 Pro Max A3257 Dual 512 GB - Cosmic Orange,Nissei,1590.0,8283.9,145676,https://www.comprasparaguai.com.br/apple-iphone-17-pro-max-a3257-dual-512-gb-cosmic-orange__5016335/,https://www.comprasparaguai.com.br/lojas/nissei/
2026-09-26 15:49:00,Celular Apple iPhone 17 Pro Max 512GB,Apple iPhone 17 Pro Max 512GB Cosmic Orange MFYT4BE (Nano Sim-Esim) Anatel Garantia Brasil,Cellshop,1540.0,8023.4,6011543,https://www.comprasparaguai.com.br/apple-iphone-17-pro-max-512gb-cosmic-orange-mfyt4be-nano-sim-esim-anatel-garantia-brasil__5591954/,https://www.comprasparaguai.com.br/lojas/cellshop/
2026-09-26 15:49:00,Celular Apple iPhone 17 Pro Max 512GB,iPhone 17 Pro Max 512GB Orange A3257,Star Games,1535.0,7997.35,174152,https://www.comprasparaguai.com.br/iphone-17-pro-max-512gb-orange-a3257__5057649/,https://www.comprasparaguai.com.br/lojas/star-games/
2026-09-26 15:49:00,Celular Apple iPhone 17 Pro Max 512GB,iPhone 17 Pro Max 512GB Blue A3257,Star Games,1545.0,8049.45,174176,https://www.comprasparaguai.com.br/iphone-17-pro-max-512gb-blue-a3257__5057643/,https://www.comprasparaguai.com.br/lojas/star-games/
2026-09-26 15:49:00,Celular Apple iPhone 17 Pro Max 512GB,Celular Apple iPhone 17 Pro Max A3257 MFXL4LL/A 512GB Cosmic Orange,Shopping China,1600.0,8336.0,1011082,https://www.comprasparaguai.com.br/celular-apple-iphone-17-pro-max-a3257-mfxl4lla-512gb-cosmic-orange__5016708/,https://www.comprasparaguai.com.br/lojas/shopping-china/
2026-09-26 15:49:00,Celular Apple iPhone 17 Pro Max 512GB,Celular Apple iPhone 17 Pro Max 512GB Silver JP,Shopping China,1600.0,8336.0,1017031,https://www.comprasparaguai.com.br/celular-apple-iphone-17-pro-max-512gb-silver-jp__5488762/,https://www.comprasparaguai.com.br/lojas/shopping-china/
2026-09-26 15:49:00,Celular Apple iPhone 17 Pro Max 512GB,Celular Apple iPhone 17 Pro Max A3257 MFXM4LL/A 512GB Deep Blue,Shopping China,1610.0,8388.1,1011086,https://www.comprasparaguai.com.br/celular-apple-iphone-17-pro-max-a3257-mfxm4lla-512gb-deep-blue__5016711/,https://www.comprasparaguai.com.br/lojas/shopping-china/
2026-09-26 15:49:00,Celular Apple iPhone 17 Pro Max 512GB,Celular Apple iPhone 17 Pro Max 512GB Orange,Shopping China,1560.0,8127.6,1079227,https://www.comprasparaguai.com.br/celular-apple-iphone-17-pro-max-512gb-orange__5488855/,https://www.comprasparaguai.com.br/lojas/shopping-china/
2026-09-26 15:49:00,Celular Apple iPhone 17 Pro Max 512GB,Celular Apple iPhone 17 Pro Max A3525 MFYD4J/A 512GB Cosmic Orange,Shopping China,1600.0,8336.0,1017035,https://www.comprasparaguai.com.br/celular-apple-iphone-17-pro-max-a3525-mfyd4ja-512gb-cosmic-orange__5186137/,https://www.comprasparaguai.com.br/lojas/shopping-china/
2026-09-26 15:49:00,Celular Apple iPhone 17 Pro Max 512GB,Celular Apple iPhone 17 Pro Max 512GB Orange Be/A,Shopping China,1625.0,8466.25,1054389,https://www.comprasparaguai.com.br/celular-apple-iphone-17-pro-max-512gb-orange-bea__5364545/,https://www.comprasparaguai.com.br/lojas/shopping-china/
2026-09-26 15:49:00,Celular Apple iPhone 17 Pro Max 512GB,Celular Apple iPhone 17 Pro Max 512GB Deep Blue JP,Shopping China,1615.0,8414.15,1017030,https://www.comprasparaguai.com.br/celular-apple-iphone-17-pro-max-512gb-deep-blue-jp__5238457/,https://www.comprasparaguai.com.br/lojas/shopping-china/
2026-09-26 15:49:00,Celular Apple iPhone 17 Pro Max 512GB,iPhone 17 Pro Max 512GB Orange A3526 c/Chip + e- Sim Anatel,Mundo do Celular,1640.0,8544.4,154819,https://www.comprasparaguai.com.br/iphone-17-pro-max-512gb-orange-a3526-cchip-e-sim-anatel__5268185/,https://www.comprasparaguai.com.br/lojas/mundo-do-celular/
2026-09-26 15:49:00,Celular Apple iPhone 17 Pro Max 512GB,Apple iPhone 17 Pro Max 512GB Jap-Esim Silver,Melody,1550.0,8075.5,7133-8,https://www.comprasparaguai.com.br/apple-iphone-17-pro-max-512gb-jap-esim-silver__5049188/,https://www.comprasparaguai.com.br/lojas/melody/
2026-09-26 15:49:00,Celular Apple iPhone 17 Pro Max 512GB,Apple iPhone 17 Pro Max 512GB Ah -Esim Orange,Melody,1520.0,7919.2,7419-3,https://www.comprasparaguai.com.br/apple-iphone-17-pro-max-512gb-ah-esim-orange__5550223/,https://www.comprasparaguai.com.br/lojas/melody/
2026-09-26 15:49:00,Celular Apple iPhone 17 Pro Max 512GB,Apple iPhone 17 Pro Max 512GB Ah -Esim Blue,Melody,1525.0,7945.25,7418-6,https://www.comprasparaguai.com.br/apple-iphone-17-pro-max-512gb-ah-esim-blue__5550224/,https://www.comprasparaguai.com.br/lojas/melody/
2026-09-26 15:49:00,Celular Apple iPhone 17 Pro Max 512GB,Celular Apple iPhone 17 Pro Max 512GB Silver LL Lacrado Esim,MultiPass,1578.0,8221.38,141359,https://www.comprasparaguai.com.br/celular-apple-iphone-17-pro-max-512gb-silver-ll-lacrado-esim__5185318/,https://www.comprasparaguai.com.br/lojas/multipass/
2026-09-26 15:49:00,Celular Apple iPhone 17 Pro Max 512GB,Celular iPhone 17 Pro Max 512GB Blue,Dr Cell Atacado,1550.0,8075.5,33364,https://www.comprasparaguai.com.br/celular-iphone-17-pro-max-512gb-blue__5016891/,https://www.comprasparaguai.com.br/lojas/dr-cell-atacado/
2026-09-26 15:49:00,Celular Apple iPhone 17 Pro Max 512GB,iPhone 17 Pro Max 512GB Americano Blue,Star Company,1580.0,8231.8,125390,https://www.comprasparaguai.com.br/iphone-17-pro-max-512gb-americano-blue__5444452/,https://www.comprasparaguai.com.br/lojas/star-company/
2026-09-26 15:49:00,Celular Apple iPhone 17 Pro Max 512GB,iPhone 17 Pro Max 512GB Americano Orange,Star Company,1580.0,8231.8,125383,https://www.comprasparaguai.com.br/iphone-17-pro-max-512gb-americano-orange__5444451/,https://www.comprasparaguai.com.br/lojas/star-company/
2026-09-26 15:49:00,Celular Apple iPhone 17 Pro Max 512GB,Apple iPhone 17 Pro Max 512GB Prata Esim A3257-LL,Alborada,1575.0,8205.75,0-801716,https://www.comprasparaguai.com.br/apple-iphone-17-pro-max-512gb-prata-esim-a3257-ll__5410241/,https://www.comprasparaguai.com.br/lojas/alborada/
2026-09-26 15:49:00,Celular Apple iPhone 17 Pro Max 512GB,iPhone 17 Pro Max 512GB Laranja Esim A3257-LL,Alborada,1560.0,8127.6,0-803582,https://www.comprasparaguai.com.br/iphone-17-pro-max-512gb-laranja-esim-a3257-ll__5411453/,https://www.comprasparaguai.com.br/lojas/alborada/
2026-09-26 15:49:00,Celular Apple iPhone 17 Pro Max 512GB,"Apple iPhone 17 Pro Max A3526 Be 512GB 12GB Ram Tela 6.9"" - Laranja (Anatel)",Atacado Connect,1520.0,7919.2,1349276,https://www.comprasparaguai.com.br/apple-iphone-17-pro-max-a3526-be-512gb-12gb-ram-tela-69-laranja-anatel__5235588/,https://www.comprasparaguai.com.br/lojas/atacado-connect/
2026-09-26 15:49:00,Celular Apple iPhone 17 Pro Max 512GB,Cel Apple New iPhone 17 Pro Max 512GB A-3525 Silver 4J/A Esim Japan,LG Importados,1560.0,8127.6,921275,https://www.comprasparaguai.com.br/cel-apple-new-iphone-17-pro-max-512gb-a-3525-silver-4ja-esim-japan__5527227/,https://www.comprasparaguai.com.br/lojas/lg-importados/
2026-09-26 15:49:00,Celular Apple iPhone 17 Pro Max 512GB,Cel Apple New iPhone 17 Pro Max 512GB A-3526 Deep Blue Be/A Esim,LG Importados,1550.0,8075.5,1118537,https://www.comprasparaguai.com.br/cel-apple-new-iphone-17-pro-max-512gb-a-3526-deep-blue-bea-esim__5540547/,https://www.comprasparaguai.com.br/lojas/lg-importados/
2026-09-26 15:49:00,Celular Apple iPhone 17 Pro Max 512GB,Cel Apple New iPhone 17 Pro Max 512GB A-3257 Cosmic Orange LL/A Esim,LG Importados,1550.0,8075.5,902809,https://www.comprasparaguai.com.br/cel-apple-new-iphone-17-pro-max-512gb-a-3257-cosmic-orange-lla-esim__5526217/,https://www.comprasparaguai.com.br/lojas/lg-importados/
2026-09-26 15:49:00,Celular Apple iPhone 17 Pro Max 512GB,iPhone 17 Pro Max 512GB A3525 4J/A Esim Cosmic Orange,Best Shop Paraguai,1535.0,7997.35,149846,https://www.comprasparaguai.com.br/iphone-17-pro-max-512gb-a3525-4ja-esim-cosmic-orange__5062804/,https://www.comprasparaguai.com.br/lojas/best-shop-paraguai/
2026-09-26 15:49:00,Celular Apple iPhone 17 Pro Max 512GB,iPhone 17 Pro Max 512GB A3257 LL/A Esim Deep Blue,Best Shop Paraguai,1565.0,8153.65,147583,https://www.comprasparaguai.com.br/iphone-17-pro-max-512gb-a3257-lla-esim-deep-blue__5019781/,https://www.comprasparaguai.com.br/lojas/best-shop-paraguai/
2026-09-26 15:49:00,Celular Apple iPhone 17 Pro Max 512GB,iPhone 17 Pro Max 512GB A3257 LL/A Esim Silver,Best Shop Paraguai,1565.0,8153.65,147576,https://www.comprasparaguai.com.br/iphone-17-pro-max-512gb-a3257-lla-esim-silver__5023860/,https://www.comprasparaguai.com.br/lojas/best-shop-paraguai/
2026-09-26 15:49:00,Celular Apple iPhone 17 Pro Max 512GB,Cel iPhone 17 Pro Max 512GB Orange,Mini Carlos,1550.0,8075.5,868,https://www.comprasparaguai.com.br/cel-iphone-17-pro-max-512gb-orange__4586178/,https://www.comprasparaguai.com.br/lojas/mini-carlos/
2026-09-26 15:49:00,Celular Apple iPhone 17 Pro Max 512GB,Cel iPhone 17 Pro Max 512GB Japones Orange,Mini Carlos,1550.0,8075.5,1006,https://www.comprasparaguai.com.br/cel-iphone-17-pro-max-512gb-japones-orange__4636038/,https://www.comprasparaguai.com.br/lojas/mini-carlos/
2026-09-26 15:49:00,Celular Apple iPhone 17 Pro Max 512GB,iPhone 17 Pro Max 512GB US Orange,Eshop Cell,1518.0,7908.78,1410,https://www.comprasparaguai.com.br/iphone-17-pro-max-512gb-us-orange__5457165/,https://www.comprasparaguai.com.br/lojas/eshop-cell/
2026-09-26 15:49:00,Celular Apple iPhone 17 Pro Max 512GB,Apple iPhone 17 Pro Max 512GB LL/A e-Sim - Cosmic Orange,Tellecon Cell,1560.0,8127.6,48262,https://www.comprasparaguai.com.br/apple-iphone-17-pro-max-512gb-lla-e-sim-cosmic-orange__5338555/,https://www.comprasparaguai.com.br/lojas/tellecon-cell/
2026-09-26 15:49:00,Celular Apple iPhone 17 Pro Max 512GB,Celular Apple iPhone 17 Pro Max A3525 Esim 512GB/12GB Ram de 6.9″ 48+48+48MP/18MP – Silver,Prime Shop,1577.99,8221.33,39090,https://www.comprasparaguai.com.br/celular-apple-iphone-17-pro-max-a3525-esim-512gb12gb-ram-de-69-484848mp18mp-silver__5016477/,https://www.comprasparaguai.com.br/lojas/prime-shop/
2026-09-26 15:49:00,Celular Apple iPhone 17 Pro Max 512GB,Apple iPhone 17 Pro Max 512GB LL/A e-Sim - Deep Blue,Tellecon Cell,1550.0,8075.5,48286,https://www.comprasparaguai.com.br/apple-iphone-17-pro-max-512gb-lla-e-sim-deep-blue__5338560/,https://www.comprasparaguai.com.br/lojas/tellecon-cell/
2026-09-26 15:49:00,Celular Apple iPhone 17 Pro Max 512GB,Apple iPhone 17 Pro Max 512GB - Blue Mfyube (Nano - Esim) Anatel,Twin Shop,1560.0,8127.6,35758,https://www.comprasparaguai.com.br/apple-iphone-17-pro-max-512gb-blue-mfyube-nano-esim-anatel__5441694/,https://www.comprasparaguai.com.br/lojas/twin-shop/
2026-09-26 15:49:00,Celular Apple iPhone 17 Pro Max 512GB,iPhone 17 Pro Max 512GB Cosmic Orange Be,Tellecon Cell,1560.0,8127.6,55659,https://www.comprasparaguai.com.br/iphone-17-pro-max-512gb-cosmic-orange-be__5546561/,https://www.comprasparaguai.com.br/lojas/tellecon-cell/
2026-09-26 15:49:00,Celular Apple iPhone 17 Pro Max 512GB,Apple iPhone 17 Pro Max A3526 Be 512GB 12GB Ram Sim Físico - Deep Blue (Anatel),Tellecon Cell,1560.0,8127.6,60066,https://www.comprasparaguai.com.br/apple-iphone-17-pro-max-a3526-be-512gb-12gb-ram-sim-fisico-deep-blue-anatel__5546562/,https://www.comprasparaguai.com.br/lojas/tellecon-cell/
2026-09-26 15:49:00,Celular Apple iPhone 17 Pro Max 512GB,iPhone 17 Pro Max 512GB Cosmic Orange,Empire Shop,1595.0,8309.95,1148-8,https://www.comprasparaguai.com.br/iphone-17-pro-max-512gb-cosmic-orange__5279019/,https://www.comprasparaguai.com.br/lojas/empire-shop/
2026-09-26 15:49:00,Celular Apple iPhone 17 Pro Max 512GB,Celular Apple iPhone 17 Pro Max – 12/512GB – 6.9″ – Deep Blue,Prime Shop,1539.99,8023.35,40742,https://www.comprasparaguai.com.br/celular-apple-iphone-17-pro-max-12512gb-69-deep-blue__5079623/,https://www.comprasparaguai.com.br/lojas/prime-shop/
2026-09-26 15:49:00,Celular Apple iPhone 17 Pro Max 512GB,iPhone 17 Pro Max 512GB Silver,Empire Shop,1650.99,8601.66,1120-4,https://www.comprasparaguai.com.br/iphone-17-pro-max-512gb-silver__5279018/,https://www.comprasparaguai.com.br/lojas/empire-shop/
2026-09-26 15:49:00,Celular Apple iPhone 17 Pro Max 512GB,Apple iPhone 17 Pro Max 512GB - Orange MFYT4BE (Nano - Esim) Anatel,Twin Shop,1570.0,8179.7,37342,https://www.comprasparaguai.com.br/apple-iphone-17-pro-max-512gb-orange-mfyt4be-nano-esim-anatel__5550317/,https://www.comprasparaguai.com.br/lojas/twin-shop/
2026-09-26 15:49:00,Celular Apple iPhone 17 Pro Max 512GB,Apple iPhone 17 Pro Max 512GB LL/A e-Sim - Silver,Tellecon Cell,1550.0,8075.5,48279,https://www.comprasparaguai.com.br/apple-iphone-17-pro-max-512gb-lla-e-sim-silver__5338556/,https://www.comprasparaguai.com.br/lojas/tellecon-cell/
2026-09-26 15:49:00,Celular Apple iPhone 17 Pro Max 512GB,Celular Apple iPhone 17 Pro Max A3525 Esim 512GB/12GB Ram de 6.9″ 48+48+48MP/18MP – Cosmic Orange,Prime Shop,1579.99,8231.75,40740,https://www.comprasparaguai.com.br/celular-apple-iphone-17-pro-max-a3525-esim-512gb12gb-ram-de-69-484848mp18mp-cosmic-orange__5079616/,https://www.comprasparaguai.com.br/lojas/prime-shop/
2026-09-26 15:49:00,Celular Apple iPhone 17 Pro Max 512GB,Apple iPhone 17 Pro Max 512GB - Silver MFYQ4BE (Nano - Esim) Anatel,Twin Shop,1580.0,8231.8,34027,https://www.comprasparaguai.com.br/apple-iphone-17-pro-max-512gb-silver-mfyq4be-nano-esim-anatel__5371493/,https://www.comprasparaguai.com.br/lojas/twin-shop/
2026-09-26 15:49:00,Celular Apple iPhone 17 Pro Max 512GB,Apple iPhone 17 Pro Max 512GB MFYT4BE/A Cosmic Orange,Roma Shopping,1560.0,8127.6,195866,https://www.comprasparaguai.com.br/apple-iphone-17-pro-max-512gb-mfyt4bea-cosmic-orange__5254686/,https://www.comprasparaguai.com.br/lojas/roma-shopping/
2026-09-26 15:49:00,Celular Apple iPhone 17 Pro Max 1TB,Apple iPhone 17 Pro Max A3257 Dual 1 TB - Cosmic Orange,Nissei,1760.0,9169.6,145629,https://www.comprasparaguai.com.br/apple-iphone-17-pro-max-a3257-dual-1-tb-cosmic-orange__5061524/,https://www.comprasparaguai.com.br/lojas/nissei/
2026-09-26 15:49:00,Celular Apple iPhone 17 Pro Max 1TB,Apple iPhone 17 Pro Max 1TB Deep Blue MFYX4BE (Nano Sim-Esim),Cellshop,1790.0,9325.9,5950614,https://www.comprasparaguai.com.br/apple-iphone-17-pro-max-1tb-deep-blue-mfyx4be-nano-sim-esim__5379920/,https://www.comprasparaguai.com.br/lojas/cellshop/
2026-09-26 15:49:00,Celular Apple iPhone 17 Pro Max 1TB,iPhone 17 Pro Max 1TB Orange A3257,Star Games,1668.0,8690.28,175609,https://www.comprasparaguai.com.br/iphone-17-pro-max-1tb-orange-a3257__5115022/,https://www.comprasparaguai.com.br/lojas/star-games/
2026-09-26 15:49:00,Celular Apple iPhone 17 Pro Max 1TB,Celular Apple iPhone 17 Pro Max 1TB Orange e/JP,Shopping China,1785.0,9299.85,1017023,https://www.comprasparaguai.com.br/celular-apple-iphone-17-pro-max-1tb-orange-ejp__5364165/,https://www.comprasparaguai.com.br/lojas/shopping-china/
2026-09-26 15:49:00,Celular Apple iPhone 17 Pro Max 1TB,Celular Apple iPhone 17 Pro Max 1TB Silver,Shopping China,1720.0,8961.2,1012581,https://www.comprasparaguai.com.br/celular-apple-iphone-17-pro-max-1tb-silver__5364164/,https://www.comprasparaguai.com.br/lojas/shopping-china/
2026-09-26 15:49:00,Celular Apple iPhone 17 Pro Max 1TB,Celular Apple iPhone 17 Pro Max 1TB Blue e/JP,Shopping China,1805.0,9404.05,1017027,https://www.comprasparaguai.com.br/celular-apple-iphone-17-pro-max-1tb-blue-ejp__5364167/,https://www.comprasparaguai.com.br/lojas/shopping-china/
2026-09-26 15:49:00,Celular Apple iPhone 17 Pro Max 1TB,Celular Apple iPhone 17 Pro Max 1TB Silver e/JP,Shopping China,1820.0,9482.2,1017025,https://www.comprasparaguai.com.br/celular-apple-iphone-17-pro-max-1tb-silver-ejp__5364166/,https://www.comprasparaguai.com.br/lojas/shopping-china/
2026-09-26 15:49:00,Celular Apple iPhone 17 Pro Max 1TB,Celular Apple iPhone 17 Pro Max 1T Cosmic Orange,Shopping China,1699.0,8851.79,1012582,https://www.comprasparaguai.com.br/celular-apple-iphone-17-pro-max-1t-cosmic-orange__5201298/,https://www.comprasparaguai.com.br/lojas/shopping-china/
2026-09-26 15:49:00,Celular Apple iPhone 17 Pro Max 1TB,iPhone 17 Pro Max 1TBGB Silver,Mundo do Celular,1735.0,9039.35,147903,https://www.comprasparaguai.com.br/iphone-17-pro-max-1tbgb-silver__5068710/,https://www.comprasparaguai.com.br/lojas/mundo-do-celular/
2026-09-26 15:49:00,Celular Apple iPhone 17 Pro Max 1TB,iPhone 17 Pro Max 1TB Usa-Esim Blue,Melody,1705.0,8883.05,7033-1,https://www.comprasparaguai.com.br/iphone-17-pro-max-1tb-usa-esim-blue__5037943/,https://www.comprasparaguai.com.br/lojas/melody/
2026-09-26 15:49:00,Celular Apple iPhone 17 Pro Max 1TB,iPhone 17 Pro Max 1TB Usa-Esim Orange,Melody,1685.0,8778.85,7032-4,https://www.comprasparaguai.com.br/iphone-17-pro-max-1tb-usa-esim-orange__5052606/,https://www.comprasparaguai.com.br/lojas/melody/
2026-09-26 15:49:00,Celular Apple iPhone 17 Pro Max 1TB,iPhone 17 Pro Max 1TB Usa-Esim Silver,Melody,1725.0,8987.25,7040-9,https://www.comprasparaguai.com.br/iphone-17-pro-max-1tb-usa-esim-silver__5037941/,https://www.comprasparaguai.com.br/lojas/melody/
2026-09-26 15:49:00,Celular Apple iPhone 17 Pro Max 1TB,iPhone 17 Pro Max 1TB JP -Esim Silver,Melody,1715.0,8935.15,7182-6,https://www.comprasparaguai.com.br/iphone-17-pro-max-1tb-jp-esim-silver__5063486/,https://www.comprasparaguai.com.br/lojas/melody/
2026-09-26 15:49:00,Celular Apple iPhone 17 Pro Max 1TB,"Apple iPhone 17 Pro Max A3257 LL 1TB Esim Tela 6.9"" - Azul Intenso",Atacado Connect,1705.0,8883.05,1278026,https://www.comprasparaguai.com.br/apple-iphone-17-pro-max-a3257-ll-1tb-esim-tela-69-azul-intenso__5019657/,https://www.comprasparaguai.com.br/lojas/atacado-connect/
2026-09-26 15:49:00,Celular Apple iPhone 17 Pro Max 1TB,"Apple iPhone 17 Pro Max A3525 4J 1TB Esim Tela 6.9"" - Laranja Cósmico",Atacado Connect,1705.0,8883.05,1292206,https://www.comprasparaguai.com.br/apple-iphone-17-pro-max-a3525-4j-1tb-esim-tela-69-laranja-cosmico__5062807/,https://www.comprasparaguai.com.br/lojas/atacado-connect/
2026-09-26 15:49:00,Celular Apple iPhone 17 Pro Max 1TB,"Apple iPhone 17 Pro Max A3525 4J 1TB Esim Tela 6.9"" - Azul Intenso",Atacado Connect,1705.0,8883.05,1291353,https://www.comprasparaguai.com.br/apple-iphone-17-pro-max-a3525-4j-1tb-esim-tela-69-azul-intenso__5060804/,https://www.comprasparaguai.com.br/lojas/atacado-connect/
2026-09-26 15:49:00,Celular Apple iPhone 17 Pro Max 1TB,iPhone 17 Pro Max 1TB A3526 Be/A Esim Cosmic Orange Anatel,Best Shop Paraguai,1780.0,9273.8,163781,https://www.comprasparaguai.com.br/iphone-17-pro-max-1tb-a3526-bea-esim-cosmic-orange-anatel__5382099/,https://www.comprasparaguai.com.br/lojas/best-shop-paraguai/
2026-09-26 15:49:00,Celular Apple iPhone 17 Pro Max 1TB,iPhone 17 Pro Max 1TB Deep Blue LL/A (Americano),Swap Store,1762.0,9180.02,32568,https://www.comprasparaguai.com.br/iphone-17-pro-max-1tb-deep-blue-lla-americano__5251259/,https://www.comprasparaguai.com.br/lojas/swap-store/
2026-09-26 15:49:00,Celular Apple iPhone 17 Pro Max 1TB,Celular Apple iPhone 17 Pro Max 1TB – Silver,Prime Shop,1761.99,9179.97,39098,https://www.comprasparaguai.com.br/celular-apple-iphone-17-pro-max-1tb-silver__5016475/,https://www.comprasparaguai.com.br/lojas/prime-shop/
2026-09-26 15:49:00,Celular Apple iPhone 17 Pro Max 1TB,iPhone 17 Pro Max 1TB Silver LL/A (Americano),Swap Store,1762.0,9180.02,32569,https://www.comprasparaguai.com.br/iphone-17-pro-max-1tb-silver-lla-americano__5251260/,https://www.comprasparaguai.com.br/lojas/swap-store/
2026-09-26 15:49:00,Celular Apple iPhone 17 Pro Max 1TB,iPhone 17 Pro Max 1TB Cosmic Orange LL/A (Americano),Swap Store,1762.0,9180.02,32567,https://www.comprasparaguai.com.br/iphone-17-pro-max-1tb-cosmic-orange-lla-americano__5251258/,https://www.comprasparaguai.com.br/lojas/swap-store/
2026-09-26 15:49:00,Celular Apple iPhone 17 Pro Max 1TB,Apple iPhone 17 Pro Max 1TB Americano (Esim) - Orange,Mestre,1668.0,8690.28,15520,https://www.comprasparaguai.com.br/apple-iphone-17-pro-max-1tb-americano-esim-orange__5053726/,https://www.comprasparaguai.com.br/lojas/mestre/
2026-09-26 15:49:00,Celular Apple iPhone 17 Pro Max 1TB,Cel iPhone 17 Pro Max 1TB Silver New Usa,Cell World,1757.0,9153.97,3700865,https://www.comprasparaguai.com.br/cel-iphone-17-pro-max-1tb-silver-new-usa__5227062/,https://www.comprasparaguai.com.br/lojas/cell-world/
2026-09-26 15:49:00,Celular Apple iPhone 17 Pro Max 1TB,Cel iPhone 17 Pro Max 1TB Silver New Usa,Cell World,1757.0,9153.97,370864,https://www.comprasparaguai.com.br/cel-iphone-17-pro-max-1tb-silver-new-usa__5227061/,https://www.comprasparaguai.com.br/lojas/cell-world/
2026-09-26 15:49:00,Celular Apple iPhone 17 Pro Max 1TB,Cel Apple iPhone 17 Pro Max 1TB Esim Orange,Point Informática,1849.0,9633.29,76608,https://www.comprasparaguai.com.br/cel-apple-iphone-17-pro-max-1tb-esim-orange__5157325/,https://www.comprasparaguai.com.br/lojas/point-informatica/
2026-09-26 15:49:00,Celular Apple iPhone 17 Pro Max 1TB,Apple iPhone 17 Pro Max 1TB - Silver MFYV4BE (Esim) Anatel,Twin Shop,1780.0,9273.8,34247,https://www.comprasparaguai.com.br/apple-iphone-17-pro-max-1tb-silver-mfyv4be-esim-anatel__5380375/,https://www.comprasparaguai.com.br/lojas/twin-shop/
2026-09-26 15:49:00,Celular Apple iPhone 17 Pro Max 1TB,Celular Apple iPhone 17 Pro Max 1TB – Deep Blue,Prime Shop,1668.0,8690.28,39097,https://www.comprasparaguai.com.br/celular-apple-iphone-17-pro-max-1tb-deep-blue__5016460/,https://www.comprasparaguai.com.br/lojas/prime-shop/
2026-09-26 15:49:00,Celular Apple iPhone 17 Pro Max 1TB,Celular Apple iPhone 17 Pro Max 1TB,ISS Group,1787.0,9310.27,4601,https://www.comprasparaguai.com.br/celular-apple-iphone-17-pro-max-1tb__5282147/,https://www.comprasparaguai.com.br/lojas/iss-group/
2026-09-26 15:49:00,Celular Apple iPhone 17 Pro Max 2TB,Apple iPhone 17 Pro Max A3257 Dual 2 TB - Cosmic Orange,Nissei,2100.0,10941.0,145685,https://www.comprasparaguai.com.br/apple-iphone-17-pro-max-a3257-dual-2-tb-cosmic-orange__5022951/,https://www.comprasparaguai.com.br/lojas/nissei/
2026-09-26 15:49:00,Celular Apple iPhone 17 Pro Max 2TB,iPhone 17 Pro Max 2TB Orange A3257,Star Games,1962.0,10222.02,175630,https://www.comprasparaguai.com.br/iphone-17-pro-max-2tb-orange-a3257__5115021/,https://www.comprasparaguai.com.br/lojas/star-games/
2026-09-26 15:49:00,Celular Apple iPhone 17 Pro Max 2TB,Celular Apple iPhone 17 Pro Max 2TB Orange e/JP,Shopping China,2000.0,10420.0,1017021,https://www.comprasparaguai.com.br/celular-apple-iphone-17-pro-max-2tb-orange-ejp__5229090/,https://www.comprasparaguai.com.br/lojas/shopping-china/
2026-09-26 15:49:00,Celular Apple iPhone 17 Pro Max 2TB,Celular Apple iPhone 17 Pro Max A3257 MFXT4LL/A 2TB Cosmic Orange,Shopping China,2100.0,10941.0,1011181,https://www.comprasparaguai.com.br/celular-apple-iphone-17-pro-max-a3257-mfxt4lla-2tb-cosmic-orange__5016728/,https://www.comprasparaguai.com.br/lojas/shopping-china/
2026-09-26 15:49:00,Celular Apple iPhone 17 Pro Max 2TB,Celular Apple iPhone 17 Pro Max 2TB Silver e/JP,Shopping China,2000.0,10420.0,1017532,https://www.comprasparaguai.com.br/celular-apple-iphone-17-pro-max-2tb-silver-ejp__5203624/,https://www.comprasparaguai.com.br/lojas/shopping-china/
2026-09-26 15:49:00,Celular Apple iPhone 17 Pro Max 2TB,iPhone 17 Pro Max 2TBGB Cosmic Orange,Mundo do Celular,2020.0,10524.2,147668,https://www.comprasparaguai.com.br/iphone-17-pro-max-2tbgb-cosmic-orange__5156178/,https://www.comprasparaguai.com.br/lojas/mundo-do-celular/
2026-09-26 15:49:00,Celular Apple iPhone 17 Pro Max 2TB,Celular iPhone 17 Pro Max - 2TB - Orange,Mario Cell,2070.0,10784.7,123334,https://www.comprasparaguai.com.br/celular-iphone-17-pro-max-2tb-orange__5092356/,https://www.comprasparaguai.com.br/lojas/mario-cell/
2026-09-26 15:49:00,Celular Apple iPhone 17 Pro Max 2TB,Celular Apple iPhone 17 Pro Max 2TB Blue LL Lacrado Esim,MultiPass,1962.0,10222.02,145158,https://www.comprasparaguai.com.br/celular-apple-iphone-17-pro-max-2tb-blue-ll-lacrado-esim__5120598/,https://www.comprasparaguai.com.br/lojas/multipass/
2026-09-26 15:49:00,Celular Apple iPhone 17 Pro Max 2TB,Apple iPhone 17 Pro Max 2TB Orange A3257 Esim,Intershop Importados,1999.0,10414.79,9659,https://www.comprasparaguai.com.br/apple-iphone-17-pro-max-2tb-orange-a3257-esim__5155439/,https://www.comprasparaguai.com.br/lojas/intershop-importados/
2026-09-26 15:49:00,Celular Apple iPhone 17 Pro Max 2TB,iPhone 17 Pro Max 2TB Americano Orange,Star Company,1962.0,10222.02,178198,https://www.comprasparaguai.com.br/iphone-17-pro-max-2tb-americano-orange__5597224/,https://www.comprasparaguai.com.br/lojas/star-company/
2026-09-26 15:49:00,Celular Apple iPhone 17 Pro Max 2TB,"Apple iPhone 17 Pro Max A3257 LL 2TB Esim Tela 6.9"" - Laranja Cósmico",Atacado Connect,1995.0,10393.95,1275803,https://www.comprasparaguai.com.br/apple-iphone-17-pro-max-a3257-ll-2tb-esim-tela-69-laranja-cosmico__5042650/,https://www.comprasparaguai.com.br/lojas/atacado-connect/
2026-09-26 15:49:00,Celular Apple iPhone 17 Pro Max 2TB,Cel Apple New iPhone 17 Pro Max 2TB A-3257 Deep Blue LL/A Esim,LG Importados,2030.0,10576.3,1034127,https://www.comprasparaguai.com.br/cel-apple-new-iphone-17-pro-max-2tb-a-3257-deep-blue-lla-esim__5531587/,https://www.comprasparaguai.com.br/lojas/lg-importados/
2026-09-26 15:49:00,Celular Apple iPhone 17 Pro Max 2TB,Apple iPhone 17 Pro Max 2TB Americano (Esim) - Orange,Mestre,1962.0,10222.02,15522,https://www.comprasparaguai.com.br/apple-iphone-17-pro-max-2tb-americano-esim-orange__5022397/,https://www.comprasparaguai.com.br/lojas/mestre/
2026-09-26 15:49:00,Celular Apple iPhone 17 Pro Max 2TB,Celular Apple iPhone 17 Pro Max 2TB – Cosmic Orange,Prime Shop,1962.0,10222.02,39401,https://www.comprasparaguai.com.br/celular-apple-iphone-17-pro-max-2tb-cosmic-orange__5023497/,https://www.comprasparaguai.com.br/lojas/prime-shop/
2026-09-26 15:49:00,Celular Apple iPhone 17 Pro Max 2TB,Celular Apple iPhone 17 Pro Max 2TB – Deep Blue,Prime Shop,1962.0,10222.02,39400,https://www.comprasparaguai.com.br/celular-apple-iphone-17-pro-max-2tb-deep-blue__5023499/,https://www.comprasparaguai.com.br/lojas/prime-shop/
2026-09-26 15:49:00,Celular Apple iPhone 17 Pro Max 512GB Recondicionado,Apple iPhone 17 Pro Max 512GB A3257 LL Tela Super Retina XDR 6.9 / Cam Tripla 48+48+48MP/18MP Center Stage / Ios 26 - Cosmic Orange (As Is A),One Click,1315.0,6851.15,73493,https://www.comprasparaguai.com.br/apple-iphone-17-pro-max-512gb-a3257-ll-tela-super-retina-xdr-69-cam-tripla-484848mp18mp-center-stage-ios-26-cosmic-orange-as-is-a__5332754/,https://www.comprasparaguai.com.br/lojas/one-click/
2026-09-26 15:49:00,Celular Apple iPhone 17 Pro Max 512GB Recondicionado,Apple iPhone 17 Pro Max 512GB A3257 LL Tela Super Retina XDR 6.9 / Cam Tripla 48+48+48MP/18MP Center Stage / Ios 26 - Deep Blue (As Is A),One Click,1315.0,6851.15,73516,https://www.comprasparaguai.com.br/apple-iphone-17-pro-max-512gb-a3257-ll-tela-super-retina-xdr-69-cam-tripla-484848mp18mp-center-stage-ios-26-deep-blue-as-is-a__5332749/,https://www.comprasparaguai.com.br/lojas/one-click/
2026-09-26 15:49:00,Celular Apple iPhone 17 Pro Max 512GB Recondicionado,Apple iPhone 17 Pro Max 512GB A3257 LL Tela Super Retina XDR 6.9 / Cam Tripla 48+48+48MP/18MP Center Stage / Ios 26 - Silver (As Is+),One Click,1315.0,6851.15,73400,https://www.comprasparaguai.com.br/apple-iphone-17-pro-max-512gb-a3257-ll-tela-super-retina-xdr-69-cam-tripla-484848mp18mp-center-stage-ios-26-silver-as-is__5331907/,https://www.comprasparaguai.com.br/lojas/one-click/
2026-09-26 15:49:00,Celular Apple iPhone 17 Pro Max 512GB Recondicionado,Apple iPhone 17 Pro Max 512GB A3257 LL Tela Super Retina XDR 6.9 / Cam Tripla 48+48+48MP/18MP Center Stage / Ios 26 - Deep Blue (As Is+),One Click,1315.0,6851.15,73424,https://www.comprasparaguai.com.br/apple-iphone-17-pro-max-512gb-a3257-ll-tela-super-retina-xdr-69-cam-tripla-484848mp18mp-center-stage-ios-26-deep-blue-as-is__5332755/,https://www.comprasparaguai.com.br/lojas/one-click/
2026-09-26 15:49:00,Celular Apple iPhone 17 Pro Max 512GB Recondicionado,Apple iPhone 17 Pro Max 512GB A3257 LL Tela Super Retina XDR 6.9 / Cam Tripla 48+48+48MP/18MP Center Stage / Ios 26 - Cosmic Orange (As Is+),One Click,1315.0,6851.15,73417,https://www.comprasparaguai.com.br/apple-iphone-17-pro-max-512gb-a3257-ll-tela-super-retina-xdr-69-cam-tripla-484848mp18mp-center-stage-ios-26-cosmic-orange-as-is__5332747/,https://www.comprasparaguai.com.br/lojas/one-click/
2026-09-26 15:49:00,Celular Apple iPhone 17 Pro Max 512GB Recondicionado,Apple iPhone 17 Pro Max 512GB A3257 LL Tela Super Retina XDR 6.9 / Cam Tripla 48+48+48MP/18MP Center Stage / Ios 26 - Silver (As Is A-),One Click,1305.0,6799.05,73530,https://www.comprasparaguai.com.br/apple-iphone-17-pro-max-512gb-a3257-ll-tela-super-retina-xdr-69-cam-tripla-484848mp18mp-center-stage-ios-26-silver-as-is-a__5332745/,https://www.comprasparaguai.com.br/lojas/one-click/
2026-09-26 15:49:00,Celular Apple iPhone 17 Pro Max 512GB Recondicionado,Apple iPhone 17 Pro Max 512GB A3257 LL Tela Super Retina XDR 6.9 / Cam Tripla 48+48+48MP/18MP Center Stage / Ios 26 - Cosmic Orange (As Is A-),One Click,1305.0,6799.05,73509,https://www.comprasparaguai.com.br/apple-iphone-17-pro-max-512gb-a3257-ll-tela-super-retina-xdr-69-cam-tripla-484848mp18mp-center-stage-ios-26-cosmic-orange-as-is-a__5332750/,https://www.comprasparaguai.com.br/lojas/one-click/
2026-09-26 15:49:00,Celular Apple iPhone 17 Pro Max 512GB Recondicionado,Apple iPhone 17 Pro Max 512GB A3257 LL Tela Super Retina XDR 6.9 / Cam Tripla 48+48+48MP/18MP Center Stage / Ios 26 - Deep Blue (As Is A-),One Click,1305.0,6799.05,73523,https://www.comprasparaguai.com.br/apple-iphone-17-pro-max-512gb-a3257-ll-tela-super-retina-xdr-69-cam-tripla-484848mp18mp-center-stage-ios-26-deep-blue-as-is-a__5332760/,https://www.comprasparaguai.com.br/lojas/one-click/
2026-09-26 15:49:00,Celular Apple iPhone 17 Pro Max 512GB Recondicionado,"Apple iPhone 17 Pro Max Swap Esim 512GB 6.9"" Orange - Grau A+ (2 Meses de Garantia - Bat. 90/100% - Americano)",Mobile Zone,1300.0,6773.0,1661910,https://www.comprasparaguai.com.br/apple-iphone-17-pro-max-swap-esim-512gb-69-orange-grau-a-2-meses-de-garantia-bat-90100-americano__5349503/,https://www.comprasparaguai.com.br/lojas/mobile-zone/
2026-09-26 15:49:00,Celular Apple iPhone 17 Pro Max 512GB Recondicionado,iPhone 17 Pro Max 512GB Silver Swap A Americano,Star Games,1290.0,6720.9,191661,https://www.comprasparaguai.com.br/iphone-17-pro-max-512gb-silver-swap-a-americano__5549108/,https://www.comprasparaguai.com.br/lojas/star-games/
2026-09-26 15:49:00,Celular Apple iPhone 17 Pro Max 512GB Recondicionado,Celular Apple iPhone 17 Pro Max 512GB Orange Asis,Shopping China,1350.0,7033.5,1067945,https://www.comprasparaguai.com.br/celular-apple-iphone-17-pro-max-512gb-orange-asis__5488843/,https://www.comprasparaguai.com.br/lojas/shopping-china/
2026-09-26 15:49:00,Celular Apple iPhone 17 Pro Max 512GB Recondicionado,iPhone 17 Pro Max 512GB Orange Swap Grade A 100% Usa,Mundo do Celular,1320.0,6877.2,154918,https://www.comprasparaguai.com.br/iphone-17-pro-max-512gb-orange-swap-grade-a-100-usa__5339528/,https://www.comprasparaguai.com.br/lojas/mundo-do-celular/
2026-09-26 15:49:00,Celular Apple iPhone 17 Pro Max 512GB Recondicionado,Apple Cel Swap iPhone 17 Pro Max 512GB A+ Orange (Esim),New Zone,1300.0,6773.0,291874,https://www.comprasparaguai.com.br/apple-cel-swap-iphone-17-pro-max-512gb-a-orange-esim__5431005/,https://www.comprasparaguai.com.br/lojas/new-zone/
2026-09-26 15:49:00,Celular Apple iPhone 17 Pro Max 512GB Recondicionado,"Apple iPhone 17 Pro Max 6.9"" 512GB Orange - Swap (Grado A+)",Atlantico Shop,1300.0,6773.0,495547,https://www.comprasparaguai.com.br/apple-iphone-17-pro-max-69-512gb-orange-swap-grado-a__5363661/,https://www.comprasparaguai.com.br/lojas/atlantico-shop/
2026-09-26 15:49:00,Celular Apple iPhone 17 Pro Max 512GB Recondicionado,iPhone 17 Pro Max 512GB Esim Orange Americano Swap A,Best Shop Paraguai,1325.0,6903.25,160650,https://www.comprasparaguai.com.br/iphone-17-pro-max-512gb-esim-orange-americano-swap-a__5263122/,https://www.comprasparaguai.com.br/lojas/best-shop-paraguai/
2026-09-26 15:49:00,Celular Apple iPhone 17 Pro Max 512GB Recondicionado,iPhone 17 Pro Max 512GB Esim Silver Americano Swap A,Best Shop Paraguai,1325.0,6903.25,160636,https://www.comprasparaguai.com.br/iphone-17-pro-max-512gb-esim-silver-americano-swap-a__5361434/,https://www.comprasparaguai.com.br/lojas/best-shop-paraguai/
2026-09-26 15:49:00,Celular Apple iPhone 17 Pro Max 512GB Recondicionado,iPhone 17 Pro Max 512GB Esim Blue Americano Swap A,Best Shop Paraguai,1345.0,7007.45,160643,https://www.comprasparaguai.com.br/iphone-17-pro-max-512gb-esim-blue-americano-swap-a__5263121/,https://www.comprasparaguai.com.br/lojas/best-shop-paraguai/
2026-09-26 15:49:00,Celular Apple iPhone 17 Pro Max 512GB Recondicionado,Cel iPhone 17 Pro Max 512GB Azul Swap Assis+,Mini Carlos,1330.0,6929.3,1372,https://www.comprasparaguai.com.br/cel-iphone-17-pro-max-512gb-azul-swap-assis__5542767/,https://www.comprasparaguai.com.br/lojas/mini-carlos/
2026-09-26 15:49:00,Celular Apple iPhone 17 Pro Max 512GB Recondicionado,Cel iPhone 17 Pro Max 512GB Laranja Swap Assis+,Mini Carlos,1330.0,6929.3,1371,https://www.comprasparaguai.com.br/cel-iphone-17-pro-max-512gb-laranja-swap-assis__5542768/,https://www.comprasparaguai.com.br/lojas/mini-carlos/
2026-09-26 15:49:00,Celular Apple iPhone 17 Pro Max 256GB Swap Grade A,Cel iPhone 17 Pro Max 256GB Blue G/Apple Swap A+,Dr Cell Atacado,1200.0,6252.0,34354,https://www.comprasparaguai.com.br/cel-iphone-17-pro-max-256gb-blue-gapple-swap-a__5123838/,https://www.comprasparaguai.com.br/lojas/dr-cell-atacado/
2026-09-26 15:49:00,Celular Apple iPhone 17 Pro Max 256GB Swap Grade A,Cel iPhone 17 Pro Max 256GB Orange G/Apple Swap A+,Dr Cell Atacado,1230.0,6408.3,34365,https://www.comprasparaguai.com.br/cel-iphone-17-pro-max-256gb-orange-gapple-swap-a__5123839/,https://www.comprasparaguai.com.br/lojas/dr-cell-atacado/
2026-09-26 15:49:00,Celular Apple iPhone 17 Pro Max 256GB Swap Grade A,"Apple iPhone 17 Pro Max 6.9"" 256GB Orange - Swap (Grado A+)",Atlantico Shop,1170.0,6095.7,493024,https://www.comprasparaguai.com.br/apple-iphone-17-pro-max-69-256gb-orange-swap-grado-a__5595172/,https://www.comprasparaguai.com.br/lojas/atlantico-shop/
2026-09-26 15:49:00,Celular Apple iPhone 17 Pro Max 256GB Swap Grade A,iPhone 17 Pro Max 256GB Esim Orange Americano Garantia Apple Swap A,Best Shop Paraguai,1130.0,5887.3,153928,https://www.comprasparaguai.com.br/iphone-17-pro-max-256gb-esim-orange-americano-garantia-apple-swap-a__5149179/,https://www.comprasparaguai.com.br/lojas/best-shop-paraguai/
2026-09-26 15:49:00,Celular Apple iPhone 17 Pro Max 256GB Swap Grade A,iPhone 17 Pro Max 256GB Esim Silver Americano Swap A,Best Shop Paraguai,1170.0,6095.7,160599,https://www.comprasparaguai.com.br/iphone-17-pro-max-256gb-esim-silver-americano-swap-a__5259795/,https://www.comprasparaguai.com.br/lojas/best-shop-paraguai/
2026-09-26 15:49:00,Celular Apple iPhone 17 Pro Max 256GB Swap Grade A,Swap iPhone 17 Pro Max 256GB Blue Grado A Con Garantia Apple,Direto América,1165.0,6069.65,36507,https://www.comprasparaguai.com.br/swap-iphone-17-pro-max-256gb-blue-grado-a-con-garantia-apple__5478574/,https://www.comprasparaguai.com.br/lojas/direto-america/
2026-09-26 15:49:00,Celular Apple iPhone 17 Pro Max 256GB Swap Grade A,Swap iPhone 17 Pro Max 256GB Orange Grado A ( Garantia Apple),Direto América,1170.0,6095.7,36516,https://www.comprasparaguai.com.br/swap-iphone-17-pro-max-256gb-orange-grado-a-garantia-apple__5478578/,https://www.comprasparaguai.com.br/lojas/direto-america/
2026-09-26 15:49:00,Celular Apple iPhone 17 Pro Max 256GB Swap Grade A,Swap iPhone 17 Pro Max 256GB Orange Grado A Con Garantia Apple,Direto América,1170.0,6095.7,36515,https://www.comprasparaguai.com.br/swap-iphone-17-pro-max-256gb-orange-grado-a-con-garantia-apple__5478576/,https://www.comprasparaguai.com.br/lojas/direto-america/
2026-09-26 15:49:00,Celular Apple iPhone 17 Pro Max 256GB Swap Grade A,Apple iPhone 17 Pro Max 256GB Tela Super Retina XDR 6.1 Cam Tripla 12+12+12 /12MP / Blue - Swap | Grade A ( 1 Mes de Garantia),Direto América,1165.0,6069.65,33954,https://www.comprasparaguai.com.br/apple-iphone-17-pro-max-256gb-tela-super-retina-xdr-61-cam-tripla-121212-12mp-blue-swap-grade-a-1-mes-de-garantia__5366732/,https://www.comprasparaguai.com.br/lojas/direto-america/
2026-09-26 15:49:00,Celular Apple iPhone 17 Pro Max 256GB Swap Grade A,Swap iPhone 17 Pro Max 256GB Blue Grado A ( Garantia Apple),Direto América,1165.0,6069.65,36508,https://www.comprasparaguai.com.br/swap-iphone-17-pro-max-256gb-blue-grado-a-garantia-apple__5478575/,https://www.comprasparaguai.com.br/lojas/direto-america/
2026-09-26 15:49:00,Celular Apple iPhone 17 Pro Max 256GB Swap Grade A,Swap iPhone 17 Pro Max 256GB Orange Grado A ( Garantia Apple),Direto América,1170.0,6095.7,36517,https://www.comprasparaguai.com.br/swap-iphone-17-pro-max-256gb-orange-grado-a-garantia-apple__5478577/,https://www.comprasparaguai.com.br/lojas/direto-america/
2026-09-26 15:49:00,Celular Apple iPhone 17 Pro Max 256GB Swap Grade A,iPhone 17 Pro Max 256GB Orange Usado Grade A,Cell World,1320.0,6877.2,1210,https://www.comprasparaguai.com.br/iphone-17-pro-max-256gb-orange-usado-grade-a__5339363/,https://www.comprasparaguai.com.br/lojas/cell-world/
2026-09-26 15:49:00,Celular Apple iPhone 17 Pro Max 256GB Swap Grade A,iPhone 17 Pro Max 256 Usado Blue Grade A,Cell World,1320.0,6877.2,2,https://www.comprasparaguai.com.br/iphone-17-pro-max-256-usado-blue-grade-a__5339362/,https://www.comprasparaguai.com.br/lojas/cell-world/
2026-09-26 15:49:00,Celular Apple iPhone 17 Pro Max 256GB Recondicionado,Apple iPhone 17 Pro Max 256GB A3257 LL Tela Super Retina XDR 6.9 / Cam Tripla 48+48+48MP/18MP Center Stage / Ios 26 - Cosmic Orange (As Is A-),One Click,1148.0,5981.08,73486,https://www.comprasparaguai.com.br/apple-iphone-17-pro-max-256gb-a3257-ll-tela-super-retina-xdr-69-cam-tripla-484848mp18mp-center-stage-ios-26-cosmic-orange-as-is-a__5332753/,https://www.comprasparaguai.com.br/lojas/one-click/
2026-09-26 15:49:00,Celular Apple iPhone 17 Pro Max 256GB Recondicionado,Celular Apple iPhone 17 Pro Max 256GB Orange Asis,Shopping China,1230.0,6408.3,1067935,https://www.comprasparaguai.com.br/celular-apple-iphone-17-pro-max-256gb-orange-asis__5364190/,https://www.comprasparaguai.com.br/lojas/shopping-china/
2026-09-26 15:49:00,Celular Apple iPhone 17 Pro Max 256GB Recondicionado,iPhone 17 Pro Max 256GB Deep Blue Swap c/Garantia Apple,Mundo do Celular,1180.0,6147.8,155120,https://www.comprasparaguai.com.br/iphone-17-pro-max-256gb-deep-blue-swap-cgarantia-apple__5594241/,https://www.comprasparaguai.com.br/lojas/mundo-do-celular/
2026-09-26 15:49:00,Celular Apple iPhone 17 Pro Max 256GB Recondicionado,iPhone 17 Pro Max 256GB Usa Asis Silver,Melody,1230.0,6408.3,7350-9,https://www.comprasparaguai.com.br/iphone-17-pro-max-256gb-usa-asis-silver__5363057/,https://www.comprasparaguai.com.br/lojas/melody/
2026-09-26 15:49:00,Celular Apple iPhone 16 Pro Max 1TB,Apple iPhone 17 Pro Max A3257 1TB Dual Esim Cosmic Orange,Flytec Computers,1730.0,9013.3,6892,https://www.comprasparaguai.com.br/apple-iphone-17-pro-max-a3257-1tb-dual-esim-cosmic-orange__4960389/,https://www.comprasparaguai.com.br/lojas/flytec-computers/
2026-09-26 15:49:00,Celular Apple iPhone 17 Pro Max 1TB Recondicionado,Cel iPhone 17 Pro Max 1TB Silver Swap,Mini Carlos,1440.0,7502.4,1349,https://www.comprasparaguai.com.br/cel-iphone-17-pro-max-1tb-silver-swap__4468012/,https://www.comprasparaguai.com.br/lojas/mini-carlos/
2026-09-26 15:49:00,Celular Motorola Moto G04s XT-2421 Dual Chip 64GB 4G,Cel iPhone 17 Pro Max 256GB Azul Japones,Mini Carlos,1225.0,6382.25,997,https://www.comprasparaguai.com.br/cel-iphone-17-pro-max-256gb-azul-japones__4634403/,https://www.comprasparaguai.com.br/lojas/mini-carlos/
2026-09-26 15:49:00,Celular Samsung Galaxy A36 SM-A366E Dual Chip 128GB 5G - RAM 8GB,Cel iPhone 17 Pro Max 256GB Laranja Swap,Mini Carlos,1160.0,6043.6,1159,https://www.comprasparaguai.com.br/cel-iphone-17-pro-max-256gb-laranja-swap__4776540/,https://www.comprasparaguai.com.br/lojas/mini-carlos/
