Data,Modelo,Loja,Variante,Preco_USD,Preco_BRL,Cotacao_USD_BRL,Data_Cotacao_USD
2026-10-07 09:38,Celular Apple iPhone 17 Pro Max 256GB,Nissei,Apple iPhone 17 Pro Max A3526 Dual 256 GB MFYN4BE/A - Cosmic Orange,,"6.781,80",4.9698,2026-10-06
2026-10-07 09:38,Celular Apple iPhone 17 Pro Max 256GB,Nissei,Apple iPhone 17 Pro Max A3257 Dual 256 GB - Deep Blue,,"6.121,40",4.9698,2026-10-06
2026-10-07 09:38,Celular Apple iPhone 17 Pro Max 256GB,Nissei,Apple iPhone 17 Pro Max A3257 Dual 256 GB - Cosmic Orange,,"6.121,40",4.9698,2026-10-06
2026-10-07 09:38,Celular Apple iPhone 17 Pro Max 256GB,Nissei,Apple iPhone 17 Pro Max A3257 Dual 256 GB - Silver,,"6.197,60",4.9698,2026-10-06
2026-10-07 09:38,Celular Apple iPhone 17 Pro Max 256GB,Nissei,Apple iPhone 17 Pro Max A3526 Dual 256 GB MFYP4BE/A - Deep Blue,,"6.781,80",4.9698,2026-10-06
2026-10-07 09:38,Celular Apple iPhone 17 Pro Max 256GB,One Click,Apple iPhone 17 Pro Max 256GB A3257 LL Tela Super Retina XDR 6.9 / Cam Tripla 48+48+48MP/18MP Center Stage / Ios 26 - Cosmic Orange,,"6.360,16",4.9698,2026-10-06
2026-10-07 09:38,Celular Apple iPhone 17 Pro Max 256GB,One Click,Apple iPhone 17 Pro Max 256GB A3257 LL Tela Super Retina XDR 6.9 / Cam Tripla 48+48+48MP/18MP Center Stage / Ios 26 - Deep Blue,,"6.360,16",4.9698,2026-10-06
2026-10-07 09:38,Celular Apple iPhone 17 Pro Max 256GB,Star Games,iPhone 17 Pro Max 256GB Silver A3257,,"6.360,16",4.9698,2026-10-06
2026-10-07 09:38,Celular Apple iPhone 17 Pro Max 256GB,Star Games,iPhone 17 Pro Max 256GB Orange A3257,,"6.360,16",4.9698,2026-10-06
2026-10-07 09:38,Celular Apple iPhone 17 Pro Max 256GB,Star Games,iPhone 17 Pro Max 256GB Orange A3525 4J/A,,"6.360,16",4.9698,2026-10-06
2026-10-07 09:38,Celular Apple iPhone 17 Pro Max 256GB,Star Games,iPhone 17 Pro Max 256GB Blue A3257,,"6.360,16",4.9698,2026-10-06
2026-10-07 09:38,Celular Apple iPhone 17 Pro Max 256GB,Shopping China,Celular Apple iPhone 17 Pro Max A3257 MFXG4LL/A 256GB Silver,,"6.477,00",4.9698,2026-10-06
2026-10-07 09:38,Celular Apple iPhone 17 Pro Max 256GB,Shopping China,Celular Apple iPhone 17 Pro Max A3257 MFXH4LL/A 256GB Cosmic Orange,,"6.451,60",4.9698,2026-10-06
2026-10-07 09:38,Celular Apple iPhone 17 Pro Max 256GB,Shopping China,Celular Apple iPhone 17 Pro Max 256GB Silver JP,,"6.375,40",4.9698,2026-10-06
2026-10-07 09:38,Celular Apple iPhone 17 Pro Max 256GB,Shopping China,Celular Apple 17 Pro Max 256GB MFYP4BE/A Model A3526,,"6.477,00",4.9698,2026-10-06
2026-10-07 09:38,Celular Apple iPhone 17 Pro Max 256GB,Shopping China,Celular Apple iPhone 17 Pro Max 256GB Cosmic Orange JP,,"6.477,00",4.9698,2026-10-06
2026-10-07 09:38,Celular Apple iPhone 17 Pro Max 256GB,Shopping China,Celular Apple iPhone 17 Pro Max A3257 MFXJ4LL/A 256GB Deep Blue,,"6.375,40",4.9698,2026-10-06
2026-10-07 09:38,Celular Apple iPhone 17 Pro Max 256GB,Shopping China,Celular Apple iPhone 17 Pro Max 256GB Deep Blue JP,,"6.553,20",4.9698,2026-10-06
2026-10-07 09:38,Celular Apple iPhone 17 Pro Max 256GB,Shopping China,Celular Apple iPhone 17 Pro Max 256GB Cosmic Orange,,"6.604,00",4.9698,2026-10-06
2026-10-07 09:38,Celular Apple iPhone 17 Pro Max 256GB,Mundo do Celular,iPhone 17 Pro Max 256GB Silver A3526 Anatel e-Sim+Sim,,"7.213,60",4.9698,2026-10-06
2026-10-07 09:38,Celular Apple iPhone 17 Pro Max 256GB,Mario Cell,Celular Appel iPhone 17 Pro Max - 256GB - Canadá - Laranja,,"6.416,04",4.9698,2026-10-06
2026-10-07 09:38,Celular Apple iPhone 17 Pro Max 256GB,MultiPass,Celular Apple iPhone 17 Pro Max 256GB Silver LL Lacrado Esim,,"6.360,16",4.9698,2026-10-06
2026-10-07 09:38,Celular Apple iPhone 17 Pro Max 256GB,MultiPass,Celular Apple iPhone 17 Pro Max 256GB Deep Blue LL Lacrado Esim,,"6.360,16",4.9698,2026-10-06
2026-10-07 09:38,Celular Apple iPhone 17 Pro Max 256GB,MultiPass,Celular Apple iPhone 17 Pro Max 256GB Cosmic Orange LL Lacrado Esim,,"6.360,16",4.9698,2026-10-06
2026-10-07 09:38,Celular Apple iPhone 17 Pro Max 256GB,Matrix Importados,Apple iPhone 17 Pro Max 256GB Esim LL - Deep Blue,,"6.360,16",4.9698,2026-10-06
2026-10-07 09:38,Celular Apple iPhone 17 Pro Max 256GB,Matrix Importados,Apple iPhone 17 Pro Max 256GB Esim LL - Silver,,"6.400,80",4.9698,2026-10-06
2026-10-07 09:38,Celular Apple iPhone 17 Pro Max 256GB,Matrix Importados,Apple iPhone 17 Pro Max 256GB Esim LL - Cosmic Orange,,"6.360,16",4.9698,2026-10-06
2026-10-07 09:38,Celular Apple iPhone 17 Pro Max 256GB,Matrix Importados,Apple iPhone 17 Pro Max 256GB Orange Anatel,,"6.502,40",4.9698,2026-10-06
2026-10-07 09:38,Celular Apple iPhone 17 Pro Max 256GB,Star Company,iPhone 17 Pro Max 256GB Americano Blue,,"6.360,16",4.9698,2026-10-06
2026-10-07 09:38,Celular Apple iPhone 17 Pro Max 256GB,Star Company,iPhone 17 Pro Max 256GB Americano Silver,,"6.360,16",4.9698,2026-10-06
2026-10-07 09:38,Celular Apple iPhone 17 Pro Max 256GB,Star Company,iPhone 17 Pro Max 256GB Americano Orange,,"6.360,16",4.9698,2026-10-06
2026-10-07 09:38,Celular Apple iPhone 17 Pro Max 256GB,Topdek Informática,Apple iPhone 17 Pro Max 256GB MFXG4LL/A Silver Ame,,"6.426,20",4.9698,2026-10-06
2026-10-07 09:38,Celular Apple iPhone 17 Pro Max 256GB,Topdek Informática,Apple iPhone 17 Pro Max 256GB MFXJ4LL/A Blue Deep Blue A3257,,"6.426,20",4.9698,2026-10-06
2026-10-07 09:38,Celular Apple iPhone 17 Pro Max 256GB,Topdek Informática,Apple iPhone 17 Pro Max 256GB MFXH4LL/A Orange A3257,,"6.451,60",4.9698,2026-10-06
2026-10-07 09:38,Celular Apple iPhone 17 Pro Max 256GB,Alborada,Apple iPhone 17 Pro Max 256GB Laranja Esim A3257-LL,,"6.756,40",4.9698,2026-10-06
2026-10-07 09:38,Celular Apple iPhone 17 Pro Max 256GB,WB Shop,Celular iPhone 17 Pro Max 256GB MFXH4LL/A Laranja,,"6.852,92",4.9698,2026-10-06
2026-10-07 09:38,Celular Apple iPhone 17 Pro Max 256GB,Alborada,Apple iPhone 17 Pro Max 256GB Azul Esim A3257-LL,,"6.756,40",4.9698,2026-10-06
2026-10-07 09:38,Celular Apple iPhone 17 Pro Max 256GB,Alborada,Apple iPhone 17 Pro Max 256GB Prata Esim A3257-LL,,"6.756,40",4.9698,2026-10-06
2026-10-07 09:38,Celular Apple iPhone 17 Pro Max 256GB,Atacado Connect,"Apple iPhone 17 Pro Max A3526 Be 256GB 12GB Ram Tela 6.9"" - Laranja Cósmico (Anatel)",,"6.527,80",4.9698,2026-10-06
2026-10-07 09:38,Celular Apple iPhone 17 Pro Max 256GB,Atacado Connect,"Apple iPhone 17 Pro Max A3525 4J 256GB Esim Tela 6.9"" - Prata",,"6.543,04",4.9698,2026-10-06
2026-10-07 09:38,Celular Apple iPhone 17 Pro Max 256GB,Atacado Connect,"Apple iPhone 17 Pro Max A3257 LL 256GB Esim Tela 6.9"" - Laranja Cósmico",,"6.502,40",4.9698,2026-10-06
2026-10-07 09:38,Celular Apple iPhone 17 Pro Max 256GB,Atacado Connect,"Apple iPhone 17 Pro Max A3525 4J 256GB Esim Tela 6.9"" - Laranja Cósmico",,"6.527,80",4.9698,2026-10-06
2026-10-07 09:38,Celular Apple iPhone 17 Pro Max 256GB,Atacado Connect,"Apple iPhone 17 Pro Max A3525 AA 256GB Esim Tela 6.9"" - Laranja Cósmico",,"6.375,40",4.9698,2026-10-06
2026-10-07 09:38,Celular Apple iPhone 17 Pro Max 256GB,Atacado Connect,"Apple iPhone 17 Pro Max A3525 4J 256GB Esim Tela 6.9"" - Azul Intenso",,"6.527,80",4.9698,2026-10-06
2026-10-07 09:38,Celular Apple iPhone 17 Pro Max 256GB,Atacado Connect,"Apple iPhone 17 Pro Max A3525 Ah 256GB Esim Tela 6.9"" - Azul Intenso",,"6.527,80",4.9698,2026-10-06
2026-10-07 09:38,Celular Apple iPhone 17 Pro Max 256GB,Atacado Connect,"Apple iPhone 17 Pro Max A3257 LL 256GB 12GB Ram Esim Tela 6.9"" - Azul",,"6.375,40",4.9698,2026-10-06
2026-10-07 09:38,Celular Apple iPhone 17 Pro Max 256GB,Best Shop Paraguai,iPhone 17 Pro Max 256GB A3257 LL/A Esim Cosmic Orange,,"6.360,16",4.9698,2026-10-06
2026-10-07 09:38,Celular Apple iPhone 17 Pro Max 256GB,Best Shop Paraguai,iPhone 17 Pro Max 256GB A3525 Ah/A Esim Cosmic Orange,,"6.197,60",4.9698,2026-10-06
2026-10-07 09:38,Celular Apple iPhone 17 Pro Max 256GB,Best Shop Paraguai,iPhone 17 Pro Max 256GB A3525 VC/A Esim Deep Blue,,"6.197,60",4.9698,2026-10-06
2026-10-07 09:38,Celular Apple iPhone 17 Pro Max 256GB,Best Shop Paraguai,iPhone 17 Pro Max 256GB A3257 LL/A Esim Deep Blue,,"6.360,16",4.9698,2026-10-06
2026-10-07 09:38,Celular Apple iPhone 17 Pro Max 256GB,Best Shop Paraguai,iPhone 17 Pro Max 256GB A3257 LL/A Esim Silver,,"6.360,16",4.9698,2026-10-06
2026-10-07 09:38,Celular Apple iPhone 17 Pro Max 256GB,Best Shop Paraguai,iPhone 17 Pro Max 256GB A3526 Be/A Cosmic Orange Sim Fisico + Esim,,"6.604,00",4.9698,2026-10-06
2026-10-07 09:38,Celular Apple iPhone 17 Pro Max 256GB,Super Games,"Celular Apple iPhone 17 Pro Max A3526 Be 256GB 12GB Ram Tela 6.9"" 48MP - Laranja",,"6.598,92",4.9698,2026-10-06
2026-10-07 09:38,Celular Apple iPhone 17 Pro Max 256GB,Best Shop Paraguai,iPhone 17 Pro Max 256GB A3525 VC/A Esim Cosmic Orange,,"6.197,60",4.9698,2026-10-06
2026-10-07 09:38,Celular Apple iPhone 17 Pro Max 256GB,Super Games,"Celular Apple iPhone 17 Pro Max A3526 Be 256GB 12GB Ram Tela 6.9"" 48MP - Azul",,"6.598,92",4.9698,2026-10-06
2026-10-07 09:38,Celular Apple iPhone 17 Pro Max 256GB,Epic Importados,"Apple iPhone 17 Pro Max 256GB/12RAM 6.9"" - Silver",,"6.360,16",4.9698,2026-10-06
2026-10-07 09:38,Celular Apple iPhone 17 Pro Max 256GB,Casa Americana,"Apple iPhone 17 Pro Max A3257 69"" Esim 256GB 12GB Deep Blue",,"6.501,94",4.9698,2026-10-06
2026-10-07 09:38,Celular Apple iPhone 17 Pro Max 256GB,Casa Americana,iPhone 17 Pro Max A3257 Esim 12+256GB Laranja Cósmica,,"6.501,94",4.9698,2026-10-06
2026-10-07 09:38,Celular Apple iPhone 17 Pro Max 256GB,Apex Company,Apple iPhone 17 Pro Max 256 GB - Orange,,"6.360,16",4.9698,2026-10-06
2026-10-07 09:38,Celular Apple iPhone 17 Pro Max 256GB,Xcell,Apple iPhone 17 Pro Max 256GB JP - Silver,,"6.360,16",4.9698,2026-10-06
2026-10-07 09:38,Celular Apple iPhone 17 Pro Max 256GB,Swap Store,iPhone 17 Pro Max 256GB Silver LL/A (Americano),,"6.553,20",4.9698,2026-10-06
2026-10-07 09:38,Celular Apple iPhone 17 Pro Max 256GB,Twin Shop,Apple iPhone 17 Pro Max 256GB - Deep Blue MFXJ4LL (Esim),,"6.360,16",4.9698,2026-10-06
2026-10-07 09:38,Celular Apple iPhone 17 Pro Max 256GB,Cell World,Cel iPhone 17 Pro Max 512GB Silver New Usa,,"8.178,80",4.9698,2026-10-06
2026-10-07 09:38,Celular Apple iPhone 17 Pro Max 256GB,Twin Shop,Apple iPhone 17 Pro Max 256GB - Orange MFXH4LL (Esim),,"6.360,16",4.9698,2026-10-06
2026-10-07 09:38,Celular Apple iPhone 17 Pro Max 256GB,Xcell,Apple iPhone 17 Pro Max 256GB JP - Orange,,"6.360,16",4.9698,2026-10-06
2026-10-07 09:38,Celular Apple iPhone 17 Pro Max 256GB,Empire Shop,iPhone 17 Pro Max 256GB Comic Orange,,"6.705,60",4.9698,2026-10-06
2026-10-07 09:38,Celular Apple iPhone 17 Pro Max 256GB,Apex Company,Apple iPhone 17 Pro Max 256 GB - Blue,,"6.360,16",4.9698,2026-10-06
2026-10-07 09:38,Celular Apple iPhone 17 Pro Max 256GB,Twin Shop,Apple iPhone 17 Pro Max 256GB - Deep Blue MFYP4BE (Nano - Esim) Anatel,,"6.360,16",4.9698,2026-10-06
2026-10-07 09:38,Celular Apple iPhone 17 Pro Max 256GB,Twin Shop,Apple iPhone 17 Pro Max 256GB - Silver MFYM4BE (Nano - Esim) Anatel,,"6.360,16",4.9698,2026-10-06
2026-10-07 09:38,Celular Apple iPhone 17 Pro Max 256GB,Avanza,Apple iPhone 17 Pro Max 256GB MFYP4BE/A Deep Blue Anatel A3526,,"6.959,09",4.9698,2026-10-06
2026-10-07 09:38,Celular Apple iPhone 17 Pro Max 256GB,Ushuaia Center,Apple iPhone 17 Pro Max A3257 Dual 256 GB - Deep Blue,,"6.756,40",4.9698,2026-10-06
2026-10-07 09:38,Celular Apple iPhone 17 Pro Max 256GB,Toku Importados,Apple iPhone 17 Pro Max A3257 256GB Cosmic Orange,,"6.085,84",4.9698,2026-10-06
2026-10-07 09:38,Celular Apple iPhone 17 Pro Max 256GB,Apex Company,Apple iPhone 17 Pro Max 256 GB - Silver,,"6.360,16",4.9698,2026-10-06
2026-10-07 09:38,Celular Apple iPhone 17 Pro Max 256GB,Xcell,Apple iPhone 17 Pro Max 256GB A3257 LL/A Esim - Silver,,"6.360,16",4.9698,2026-10-06
2026-10-07 09:38,Celular Apple iPhone 17 Pro Max 256GB,Vertex,Celular Apple iPhone 17 Pro Max 256GB Orange,,"6.553,20",4.9698,2026-10-06
2026-10-07 09:38,Celular Apple iPhone 17 Pro Max 256GB,Cell World,Cel iPhone 17 Pro Max 256GB Silver New Usa,,"6.553,20",4.9698,2026-10-06
2026-10-07 09:38,Celular Apple iPhone 17 Pro Max 256GB,Swap Store,iPhone 17 Pro Max 256GB Cosmic Orange LL/A (Americano),,"6.553,20",4.9698,2026-10-06
2026-10-07 09:38,Celular Apple iPhone 17 Pro Max 256GB,Swap Store,iPhone 17 Pro Max 256GB Silver J/A (Japonês),,"6.375,40",4.9698,2026-10-06
2026-10-07 09:38,Celular Apple iPhone 17 Pro Max 256GB,Vertex,Celular Apple iPhone 17 Pro Max 256GB Blue,,"6.553,20",4.9698,2026-10-06
2026-10-07 09:38,Celular Apple iPhone 17 Pro Max 256GB,Twin Shop,Apple iPhone 17 Pro Max 256GB - Silver MFXG4LL (Esim),,"6.360,16",4.9698,2026-10-06
2026-10-07 09:38,Celular Apple iPhone 17 Pro Max 256GB,Mestre,Apple iPhone 17 Pro Max 256GB Americano (Esim) - Blue,,"6.416,04",4.9698,2026-10-06
2026-10-07 09:38,Celular Apple iPhone 17 Pro Max 256GB,Mestre,Apple iPhone 17 Pro Max 256GB Americano (Esim) - Orange,,"6.416,04",4.9698,2026-10-06
2026-10-07 09:38,Celular Apple iPhone 17 Pro Max 256GB,Orbe Import,iPhone 17 Pro Max Esim 256GB Cosmic Orange LL,,"6.360,16",4.9698,2026-10-06
2026-10-07 09:38,Celular Apple iPhone 17 Pro Max 256GB,Avanza,Apple iPhone 17 Pro Max 256GB MFYN4BE/A Cosmic Orange Anatel A3526,,"6.959,09",4.9698,2026-10-06
2026-10-07 09:38,Celular Apple iPhone 17 Pro Max 256GB,Orbe Import,iPhone 17 Pro Max Esim 256GB Silver LL,,"6.360,16",4.9698,2026-10-06
2026-10-07 09:38,Celular Apple iPhone 17 Pro Max 256GB,Xcell,Apple iPhone 17 Pro Max 256GB A3257 LL/A Esim - Deep Blue,,"6.360,16",4.9698,2026-10-06
2026-10-07 09:38,Celular Apple iPhone 17 Pro Max 256GB,Swap Store,iPhone 17 Pro Max 256GB Deep Blue LL/A (Americano),,"6.553,20",4.9698,2026-10-06
2026-10-07 09:38,Celular Apple iPhone 17 Pro Max 256GB,Empire Shop,iPhone 17 Pro Max 256GB Deep Blue,,"7.366,00",4.9698,2026-10-06
2026-10-07 09:38,Celular Apple iPhone 17 Pro Max 256GB,Toku Importados,Apple iPhone 17 Pro Max A3257 256GB Silver,,"6.045,20",4.9698,2026-10-06
2026-10-07 09:38,Celular Apple iPhone 17 Pro Max 256GB,Xcell,Apple iPhone 17 Pro Max 256GB JP - Blue,,"6.360,16",4.9698,2026-10-06
2026-10-07 09:38,Celular Apple iPhone 17 Pro Max 256GB,Twin Shop,Apple iPhone 17 Pro Max 256GB - Cosmic Orange MFY94AH (Esim),,"6.360,16",4.9698,2026-10-06
2026-10-07 09:38,Celular Apple iPhone 17 Pro Max 256GB,Orbe Import,iPhone 17 Pro Max Esim 256GB Deep Blue LL,,"6.360,16",4.9698,2026-10-06
2026-10-07 09:38,Celular Apple iPhone 17 Pro Max 256GB,Cell World,Cel iPhone 17 Pro Max 256GB Blue New Usa,,"6.375,40",4.9698,2026-10-06
2026-10-07 09:38,Celular Apple iPhone 17 Pro Max 256GB,Cell World,Cel iPhone 17 Pro Max 512GB Blue New Usa,,"8.356,55",4.9698,2026-10-06
2026-10-07 09:38,Celular Apple iPhone 17 Pro Max 256GB,Prime Shop,Celular Apple iPhone 17 Pro Max 256GB/12GB Ram de 6.9″ 48+48+48MP/18MP – Orange,,"6.360,16",4.9698,2026-10-06
2026-10-07 09:38,Celular Apple iPhone 17 Pro Max 256GB,Vertex,Celular Apple iPhone 17 Pro Max 256GB White,,"6.553,20",4.9698,2026-10-06
2026-10-07 09:38,Celular Apple iPhone 17 Pro Max 256GB,Mestre,Apple iPhone 17 Pro Max 256GB Americano (Esim) - Silver,,"6.416,04",4.9698,2026-10-06
2026-10-07 09:38,Celular Apple iPhone 17 Pro Max 256GB,Xcell,Apple iPhone 17 Pro Max 256GB A3257 LL/A Esim - Orange,,"6.360,16",4.9698,2026-10-06
2026-10-07 09:38,Celular Apple iPhone 17 Pro Max 256GB,Twin Shop,Apple iPhone 17 Pro Max 256GB - Cosmic Orange MFYN4BE (Nano - Esim) Anatel,,"6.360,16",4.9698,2026-10-06
2026-10-07 09:38,Celular Apple iPhone 17 Pro Max 256GB,Prime Shop,Celular Apple iPhone 17 Pro Max 256GB/12GB Ram de 6.9″ 48+48+48MP/18MP – Silver,,"6.360,16",4.9698,2026-10-06
2026-10-07 09:38,Celular Apple iPhone 17 Pro Max 256GB,Toku Importados,Apple iPhone 17 Pro Max A3257 256GB Deep Blue,,"6.019,80",4.9698,2026-10-06
2026-10-07 09:38,Celular Apple iPhone 17 Pro Max 256GB,Prime Shop,Celular Apple iPhone 17 Pro Max 256GB/12GB Ram de 6.9″ 48+48+48MP/18MP – Deep Blue,,"6.360,16",4.9698,2026-10-06
2026-10-07 09:38,Celular Apple iPhone 17 Pro Max 256GB,Roma Shopping,Apple iPhone 17 Pro Max 256GB MFXJ4LL/A Deep Blue,,"6.426,20",4.9698,2026-10-06
2026-10-07 09:38,Celular Apple iPhone 17 Pro Max 256GB,Roma Shopping,Apple iPhone 17 Pro Max 256GB MFXH4LL/A Cosmic Orange,,"6.426,20",4.9698,2026-10-06
2026-10-07 09:38,Celular Apple iPhone 17 Pro Max 256GB,Roma Shopping,Apple iPhone 17 Pro Max 256GB MFXG4LL/A Silver,,"6.426,20",4.9698,2026-10-06
2026-10-07 09:38,Celular Apple iPhone 17 Pro Max 256GB,Roma Shopping,Apple iPhone 17 Pro Max 256GB MFYP4BE/A Deep Blue,,"6.629,40",4.9698,2026-10-06
2026-10-07 09:38,Celular Apple iPhone 17 Pro Max 256GB,Roma Shopping,Apple iPhone 17 Pro Max 256GB MFYN4BE/A Cosmic Orange,,"6.629,40",4.9698,2026-10-06
2026-10-07 09:38,Celular Apple iPhone 17 Pro Max 256GB,Empire Shop,iPhone 17 Pro Max 256GB Silver JP,,"7.366,00",4.9698,2026-10-06
2026-10-07 09:38,Celular Apple iPhone 17 Pro Max 256GB,?,Fone de Ouvido Apple EarPods USB-C,,A partir de,4.9698,2026-10-06
2026-10-07 09:38,Celular Apple iPhone 17 Pro Max 256GB,?,Fone de Ouvido Apple EarPods Lightning,,A partir de,4.9698,2026-10-06
2026-10-07 09:38,Celular Apple iPhone 17 Pro Max 256GB,?,Fone de Ouvido Apple AirPods Pro 3 Bluetooth,,A partir de,4.9698,2026-10-06
2026-10-07 09:38,Celular Apple iPhone 17 Pro Max 256GB,?,Fone de Ouvido Apple AirPods Max 2 Bluetooth,,A partir de,4.9698,2026-10-06
2026-10-07 09:38,Celular Apple iPhone 17 Pro Max 256GB,?,Fone de Ouvido Apple AirPods 5 Bluetooth,,A partir de,4.9698,2026-10-06
2026-10-07 09:38,Celular Apple iPhone 17 Pro Max 512GB,Nissei,Apple iPhone 17 Pro Max A3257 Dual 512 GB - Deep Blue,,"7.874,00",4.9698,2026-10-06
2026-10-07 09:38,Celular Apple iPhone 17 Pro Max 512GB,Nissei,Apple iPhone 17 Pro Max A3257 Dual 512 GB - Silver,,"7.874,00",4.9698,2026-10-06
2026-10-07 09:38,Celular Apple iPhone 17 Pro Max 512GB,Nissei,Apple iPhone 17 Pro Max A3257 Dual 512 GB - Cosmic Orange,,"7.874,00",4.9698,2026-10-06
2026-10-07 09:38,Celular Apple iPhone 17 Pro Max 512GB,Cellshop,Apple iPhone 17 Pro Max 512GB Silver MFYQ4BE (Nano Sim-Esim),,"8.229,60",4.9698,2026-10-06
2026-10-07 09:38,Celular Apple iPhone 17 Pro Max 512GB,Cellshop,Apple iPhone 17 Pro Max 512GB Cosmic Orange MFYT4BE (Nano Sim-Esim) Anatel Garantia Brasil,,"7.721,60",4.9698,2026-10-06
2026-10-07 09:38,Celular Apple iPhone 17 Pro Max 512GB,Star Games,iPhone 17 Pro Max 512GB Silver A3257,,"7.899,40",4.9698,2026-10-06
2026-10-07 09:38,Celular Apple iPhone 17 Pro Max 512GB,Star Games,iPhone 17 Pro Max 512GB Orange A3257,,"7.747,00",4.9698,2026-10-06
2026-10-07 09:38,Celular Apple iPhone 17 Pro Max 512GB,Star Games,iPhone 17 Pro Max 512GB Blue A3257,,"7.797,80",4.9698,2026-10-06
2026-10-07 09:38,Celular Apple iPhone 17 Pro Max 512GB,Shopping China,Celular Apple iPhone 17 Pro Max A3257 MFXL4LL/A 512GB Cosmic Orange,,"8.128,00",4.9698,2026-10-06
2026-10-07 09:38,Celular Apple iPhone 17 Pro Max 512GB,Shopping China,Celular Apple iPhone 17 Pro Max 512GB Silver JP,,"8.128,00",4.9698,2026-10-06
2026-10-07 09:38,Celular Apple iPhone 17 Pro Max 512GB,Shopping China,Celular Apple iPhone 17 Pro Max A3257 MFXM4LL/A 512GB Deep Blue,,"8.178,80",4.9698,2026-10-06
2026-10-07 09:38,Celular Apple iPhone 17 Pro Max 512GB,Shopping China,Celular Apple iPhone 17 Pro Max 512GB Orange,,"7.924,80",4.9698,2026-10-06
2026-10-07 09:38,Celular Apple iPhone 17 Pro Max 512GB,Shopping China,Celular Apple iPhone 17 Pro Max A3525 MFYD4J/A 512GB Cosmic Orange,,"8.128,00",4.9698,2026-10-06
2026-10-07 09:38,Celular Apple iPhone 17 Pro Max 512GB,Shopping China,Celular Apple iPhone 17 Pro Max 512GB Orange Be/A,,"8.255,00",4.9698,2026-10-06
2026-10-07 09:38,Celular Apple iPhone 17 Pro Max 512GB,Shopping China,Celular Apple iPhone 17 Pro Max 512GB Deep Blue JP,,"8.204,20",4.9698,2026-10-06
2026-10-07 09:38,Celular Apple iPhone 17 Pro Max 512GB,Mundo do Celular,iPhone 17 Pro Max 512GB Orange A3526 c/Chip + e- Sim Anatel,,"8.331,20",4.9698,2026-10-06
2026-10-07 09:38,Celular Apple iPhone 17 Pro Max 512GB,Melody,Apple iPhone 17 Pro Max 512GB Jap-Esim Silver,,"7.823,20",4.9698,2026-10-06
2026-10-07 09:38,Celular Apple iPhone 17 Pro Max 512GB,Melody,Apple iPhone 17 Pro Max 512GB Ah -Esim Blue,,"7.721,60",4.9698,2026-10-06
2026-10-07 09:38,Celular Apple iPhone 17 Pro Max 512GB,MultiPass,Celular Apple iPhone 17 Pro Max 512GB Deep Blue LL Lacrado Esim,,"7.711,44",4.9698,2026-10-06
2026-10-07 09:38,Celular Apple iPhone 17 Pro Max 512GB,MultiPass,Celular Apple iPhone 17 Pro Max 512GB Cosmic Orange LL Lacrado Esim,,"7.711,44",4.9698,2026-10-06
2026-10-07 09:38,Celular Apple iPhone 17 Pro Max 512GB,Dr Cell Atacado,Celular iPhone 17 Pro Max 512GB Blue,,"7.874,00",4.9698,2026-10-06
2026-10-07 09:38,Celular Apple iPhone 17 Pro Max 512GB,Madrid Center,"Celular Apple iPhone 17 Pro Max A3257LL - 12/512GB - 6.9"" - e-Sim - NFC - Silver",,"7.874,00",4.9698,2026-10-06
2026-10-07 09:38,Celular Apple iPhone 17 Pro Max 512GB,Star Company,iPhone 17 Pro Max 512GB Americano Blue,,"7.874,00",4.9698,2026-10-06
2026-10-07 09:38,Celular Apple iPhone 17 Pro Max 512GB,Star Company,iPhone 17 Pro Max 512GB Americano Orange,,"7.874,00",4.9698,2026-10-06
2026-10-07 09:38,Celular Apple iPhone 17 Pro Max 512GB,Alborada,iPhone 17 Pro Max 512GB Laranja Esim A3257-LL,,"7.924,80",4.9698,2026-10-06
2026-10-07 09:38,Celular Apple iPhone 17 Pro Max 512GB,Atacado Connect,"Apple iPhone 17 Pro Max A3525 4J 512GB Esim Tela 6.9"" - Prata",,"7.721,60",4.9698,2026-10-06
2026-10-07 09:38,Celular Apple iPhone 17 Pro Max 512GB,LG Importados,Cel Apple New iPhone 17 Pro Max 512GB A-3257 Cosmic Orange LL/A Esim,,"7.823,20",4.9698,2026-10-06
2026-10-07 09:38,Celular Apple iPhone 17 Pro Max 512GB,Best Shop Paraguai,iPhone 17 Pro Max 512GB A3525 JP/A Esim Silver,,"7.823,20",4.9698,2026-10-06
2026-10-07 09:38,Celular Apple iPhone 17 Pro Max 512GB,Avanza,Apple iPhone 17 Pro Max 512GB Cosmic Orange Dual Esim A3257,,"8.084,06",4.9698,2026-10-06
2026-10-07 09:38,Celular Apple iPhone 17 Pro Max 512GB,Eshop Cell,iPhone 17 Pro Max 512GB US Orange,,"7.711,44",4.9698,2026-10-06
2026-10-07 09:38,Celular Apple iPhone 17 Pro Max 512GB,Tellecon Cell,Apple iPhone 17 Pro Max 512GB LL/A e-Sim - Cosmic Orange,,"7.924,80",4.9698,2026-10-06
2026-10-07 09:38,Celular Apple iPhone 17 Pro Max 512GB,Prime Shop,Celular Apple iPhone 17 Pro Max A3525 Esim 512GB/12GB Ram de 6.9″ 48+48+48MP/18MP – Silver,,"7.711,44",4.9698,2026-10-06
2026-10-07 09:38,Celular Apple iPhone 17 Pro Max 512GB,Xcell,Apple iPhone 17 Pro Max 512GB A3257 LL/A Esim - Orange,,"7.711,44",4.9698,2026-10-06
2026-10-07 09:38,Celular Apple iPhone 17 Pro Max 512GB,Avanza,Apple iPhone 17 Pro Max 512GB Deep Blue Dual Esim A3257,,"8.084,06",4.9698,2026-10-06
2026-10-07 09:38,Celular Apple iPhone 17 Pro Max 512GB,Twin Shop,Apple iPhone 17 Pro Max 512GB - Blue Mfyube (Nano - Esim) Anatel,,"7.924,80",4.9698,2026-10-06
2026-10-07 09:38,Celular Apple iPhone 17 Pro Max 512GB,Xcell,Apple iPhone 17 Pro Max 512GB A3257 LL/A Esim - Deep Blue,,"7.711,44",4.9698,2026-10-06
2026-10-07 09:38,Celular Apple iPhone 17 Pro Max 512GB,Vertex,Celular Apple iPhone 17 Pro Max 512GB Silver,,"7.975,60",4.9698,2026-10-06
2026-10-07 09:38,Celular Apple iPhone 17 Pro Max 512GB,Mestre,Apple iPhone 17 Pro Max 512GB Americano (Esim) - Blue,,"7.797,80",4.9698,2026-10-06
2026-10-07 09:38,Celular Apple iPhone 17 Pro Max 512GB,Mestre,Apple iPhone 17 Pro Max 512GB Americano (Esim) - Orange,,"7.747,00",4.9698,2026-10-06
2026-10-07 09:38,Celular Apple iPhone 17 Pro Max 512GB,Empire Shop,iPhone 17 Pro Max 512GB Cosmic Orange,,"8.102,60",4.9698,2026-10-06
2026-10-07 09:38,Celular Apple iPhone 17 Pro Max 512GB,Prime Shop,Celular Apple iPhone 17 Pro Max – 12/512GB – 6.9″ – Deep Blue,,"7.711,44",4.9698,2026-10-06
2026-10-07 09:38,Celular Apple iPhone 17 Pro Max 512GB,Xcell,Apple iPhone 17 Pro Max 512GB A3257 LL/A Esim - Silver,,"7.711,44",4.9698,2026-10-06
2026-10-07 09:38,Celular Apple iPhone 17 Pro Max 512GB,Empire Shop,iPhone 17 Pro Max 512GB Silver,,"8.387,03",4.9698,2026-10-06
2026-10-07 09:38,Celular Apple iPhone 17 Pro Max 512GB,Twin Shop,Apple iPhone 17 Pro Max 512GB - Orange MFYT4BE (Nano - Esim) Anatel,,"7.823,20",4.9698,2026-10-06
2026-10-07 09:38,Celular Apple iPhone 17 Pro Max 512GB,Tellecon Cell,Apple iPhone 17 Pro Max 512GB LL/A e-Sim - Silver,,"7.772,40",4.9698,2026-10-06
2026-10-07 09:38,Celular Apple iPhone 17 Pro Max 512GB,Avanza,Celular Apple iPhone 17 Pro Max 512GB Orange,,"8.136,38",4.9698,2026-10-06
2026-10-07 09:38,Celular Apple iPhone 17 Pro Max 512GB,Avanza,Apple iPhone 17 Pro Max 512GB Silver Dual Esim A3257,,"8.084,06",4.9698,2026-10-06
2026-10-07 09:38,Celular Apple iPhone 17 Pro Max 512GB,Mestre,Apple iPhone 17 Pro Max 512GB Americano (Esim) - Silver,,"7.899,40",4.9698,2026-10-06
2026-10-07 09:38,Celular Apple iPhone 17 Pro Max 512GB,Prime Shop,Celular Apple iPhone 17 Pro Max A3525 Esim 512GB/12GB Ram de 6.9″ 48+48+48MP/18MP – Cosmic Orange,,"7.711,44",4.9698,2026-10-06
2026-10-07 09:38,Celular Apple iPhone 17 Pro Max 512GB,Twin Shop,Apple iPhone 17 Pro Max 512GB - Silver MFYQ4BE (Nano - Esim) Anatel,,"8.026,40",4.9698,2026-10-06
2026-10-07 09:38,Celular Apple iPhone 17 Pro Max 512GB,Roma Shopping,Apple iPhone 17 Pro Max 512GB MFYT4BE/A Cosmic Orange,,"7.924,80",4.9698,2026-10-06
2026-10-07 09:38,Celular Apple iPhone 17 Pro Max 512GB,?,Fone de Ouvido Apple EarPods USB-C,,A partir de,4.9698,2026-10-06
2026-10-07 09:38,Celular Apple iPhone 17 Pro Max 512GB,?,Fone de Ouvido Apple EarPods Lightning,,A partir de,4.9698,2026-10-06
2026-10-07 09:38,Celular Apple iPhone 17 Pro Max 512GB,?,Fone de Ouvido Apple AirPods Pro 3 Bluetooth,,A partir de,4.9698,2026-10-06
2026-10-07 09:38,Celular Apple iPhone 17 Pro Max 512GB,?,Fone de Ouvido Apple AirPods Max 2 Bluetooth,,A partir de,4.9698,2026-10-06
2026-10-07 09:38,Celular Apple iPhone 17 Pro Max 512GB,?,Fone de Ouvido Apple AirPods 5 Bluetooth,,A partir de,4.9698,2026-10-06
2026-10-07 09:38,Celular Apple iPhone 17 Pro Max 1TB,Shopping China,Celular Apple iPhone 17 Pro Max 1TB Orange e/JP,,"9.067,80",4.9698,2026-10-06
2026-10-07 09:38,Celular Apple iPhone 17 Pro Max 1TB,Shopping China,Celular Apple iPhone 17 Pro Max 1TB Blue e/JP,,"9.169,40",4.9698,2026-10-06
2026-10-07 09:38,Celular Apple iPhone 17 Pro Max 1TB,Shopping China,Celular Apple iPhone 17 Pro Max 1TB Silver e/JP,,"9.245,60",4.9698,2026-10-06
2026-10-07 09:38,Celular Apple iPhone 17 Pro Max 1TB,Shopping China,Celular Apple iPhone 17 Pro Max 1T Cosmic Orange,,"8.630,92",4.9698,2026-10-06
2026-10-07 09:38,Celular Apple iPhone 17 Pro Max 1TB,Melody,iPhone 17 Pro Max 1TB JP -Esim Silver,,"8.712,20",4.9698,2026-10-06
2026-10-07 09:38,Celular Apple iPhone 17 Pro Max 1TB,Flytec Computers,Apple iPhone 17 Pro Max A3257 1TB Dual Esim Cosmic Orange,,"9.042,40",4.9698,2026-10-06
2026-10-07 09:38,Celular Apple iPhone 17 Pro Max 1TB,Alborada,iPhone 17 Pro Max 1TB Laranja Esim A3257-LL,,"8.636,00",4.9698,2026-10-06
2026-10-07 09:38,Celular Apple iPhone 17 Pro Max 1TB,Atacado Connect,"Apple iPhone 17 Pro Max A3525 4J 1TB Esim Tela 6.9"" - Laranja Cósmico",,"8.473,44",4.9698,2026-10-06
2026-10-07 09:38,Celular Apple iPhone 17 Pro Max 1TB,Atacado Connect,"Apple iPhone 17 Pro Max A3525 4J 1TB Esim Tela 6.9"" - Azul Intenso",,"8.564,88",4.9698,2026-10-06
2026-10-07 09:38,Celular Apple iPhone 17 Pro Max 1TB,LG Importados,Cel Apple New iPhone 17 Pro Max 1TB A-3525 Cosmic Orange 4J/A Japan,,"9.015,53",4.9698,2026-10-06
2026-10-07 09:38,Celular Apple iPhone 17 Pro Max 1TB,Best Shop Paraguai,iPhone 17 Pro Max 1TB A3526 Be/A Esim Cosmic Orange Anatel,,"9.042,40",4.9698,2026-10-06
2026-10-07 09:38,Celular Apple iPhone 17 Pro Max 1TB,Swap Store,iPhone 17 Pro Max 1TB Deep Blue LL/A (Americano),,"8.950,96",4.9698,2026-10-06
2026-10-07 09:38,Celular Apple iPhone 17 Pro Max 1TB,Prime Shop,Celular Apple iPhone 17 Pro Max 1TB – Silver,,"8.823,91",4.9698,2026-10-06
2026-10-07 09:38,Celular Apple iPhone 17 Pro Max 1TB,Swap Store,iPhone 17 Pro Max 1TB Silver LL/A (Americano),,"8.950,96",4.9698,2026-10-06
2026-10-07 09:38,Celular Apple iPhone 17 Pro Max 1TB,Swap Store,iPhone 17 Pro Max 1TB Cosmic Orange LL/A (Americano),,"8.950,96",4.9698,2026-10-06
2026-10-07 09:38,Celular Apple iPhone 17 Pro Max 1TB,Mestre,Apple iPhone 17 Pro Max 1TB Americano (Esim) - Orange,,"8.473,44",4.9698,2026-10-06
2026-10-07 09:38,Celular Apple iPhone 17 Pro Max 1TB,Cell World,Cel iPhone 17 Pro Max 1TB Silver New Usa,,"8.925,56",4.9698,2026-10-06
2026-10-07 09:38,Celular Apple iPhone 17 Pro Max 1TB,Point Informática,Cel Apple iPhone 17 Pro Max 1TB Esim Orange,,"9.392,92",4.9698,2026-10-06
2026-10-07 09:38,Celular Apple iPhone 17 Pro Max 1TB,Twin Shop,Apple iPhone 17 Pro Max 1TB - Silver MFYV4BE (Esim) Anatel,,"8.823,96",4.9698,2026-10-06
2026-10-07 09:38,Celular Apple iPhone 17 Pro Max 1TB,Prime Shop,Celular Apple iPhone 17 Pro Max 1TB – Deep Blue,,"8.473,44",4.9698,2026-10-06
2026-10-07 09:38,Celular Apple iPhone 17 Pro Max 1TB,ISS Group,Celular Apple iPhone 17 Pro Max 1TB,,"9.077,96",4.9698,2026-10-06
2026-10-07 09:38,Celular Apple iPhone 17 Pro Max 1TB,?,Fone de Ouvido Apple EarPods USB-C,,A partir de,4.9698,2026-10-06
2026-10-07 09:38,Celular Apple iPhone 17 Pro Max 1TB,?,Fone de Ouvido Apple EarPods Lightning,,A partir de,4.9698,2026-10-06
2026-10-07 09:38,Celular Apple iPhone 17 Pro Max 1TB,?,Fone de Ouvido Apple AirPods Pro 3 Bluetooth,,A partir de,4.9698,2026-10-06
2026-10-07 09:38,Celular Apple iPhone 17 Pro Max 1TB,?,Fone de Ouvido Apple AirPods Max 2 Bluetooth,,A partir de,4.9698,2026-10-06
2026-10-07 09:38,Celular Apple iPhone 17 Pro Max 1TB,?,Fone de Ouvido Apple AirPods 5 Bluetooth,,A partir de,4.9698,2026-10-06
2026-10-07 09:38,Celular Apple iPhone 15 Pro Max 256GB Swap Grade A,One Click,Apple iPhone 15 Pro Max 256GB LL Tela Super Retina XDR 6.7 Cam Tripla 48+12+12MP/12MP Ios 17 Black Titanium - Swap 'Grade A-' (Esim)(1 Mês Garantia) / Fully Tested - 100% Funcional,,"3.413,76",4.9698,2026-10-06
2026-10-07 09:38,Celular Apple iPhone 15 Pro Max 256GB Swap Grade A,Star Games,iPhone 15 Pro Max 256GB Natural Swap Grade A,,"3.225,80",4.9698,2026-10-06
2026-10-07 09:38,Celular Apple iPhone 15 Pro Max 256GB Swap Grade A,Star Games,iPhone 15 Pro Max 256 Natural Grade A Americano 80%,,"3.175,00",4.9698,2026-10-06
2026-10-07 09:38,Celular Apple iPhone 15 Pro Max 256GB Swap Grade A,Star Games,iPhone 15 Pro Max 256GB Black Swap Grade A,,"3.225,80",4.9698,2026-10-06
2026-10-07 09:38,Celular Apple iPhone 15 Pro Max 256GB Swap Grade A,Star Games,iPhone 15 Pro Max 256GB Azul Swap Grade A+,,"3.225,80",4.9698,2026-10-06
2026-10-07 09:38,Celular Apple iPhone 15 Pro Max 256GB Swap Grade A,Star Games,iPhone 15 Pro Max 256GB Azul Grade A Americano,,"3.175,00",4.9698,2026-10-06
2026-10-07 09:38,Celular Apple iPhone 15 Pro Max 256GB Swap Grade A,Mundo do Celular,iPhone 15 Pro Max 256GB Swap Grado A Azul,,"3.556,00",4.9698,2026-10-06
2026-10-07 09:38,Celular Apple iPhone 15 Pro Max 256GB Swap Grade A,Mundo do Celular,iPhone 15 Pro Max 256GB Swap Grado A Azul Americano,,"3.454,40",4.9698,2026-10-06
2026-10-07 09:38,Celular Apple iPhone 15 Pro Max 256GB Swap Grade A,Mundo do Celular,iPhone 15 Pro Max 256GB Grade A Preto Swap,,"3.479,80",4.9698,2026-10-06
2026-10-07 09:38,Celular Apple iPhone 15 Pro Max 256GB Swap Grade A,Mundo do Celular,iPhone 15 Pro Max 256GB Swap Grado A Natural Usa,,"3.403,60",4.9698,2026-10-06
2026-10-07 09:38,Celular Apple iPhone 15 Pro Max 256GB Swap Grade A,Mundo do Celular,iPhone 15 Pro Max 256GB Swap Grado A Azul,,"3.454,40",4.9698,2026-10-06
2026-10-07 09:38,Celular Apple iPhone 15 Pro Max 256GB Swap Grade A,Mundo do Celular,iPhone 15 Pro Max 256GB Azul Grade A Swap Hso,,"3.479,80",4.9698,2026-10-06
2026-10-07 09:38,Celular Apple iPhone 15 Pro Max 256GB Swap Grade A,Mundo do Celular,iPhone 15 Pro Max 256GB Swap Grado A Branco Swap,,"3.505,20",4.9698,2026-10-06
2026-10-07 09:38,Celular Apple iPhone 15 Pro Max 256GB Swap Grade A,Mundo do Celular,iPhone 15 Pro Max 256GB Grade A Branco,,"3.479,80",4.9698,2026-10-06
2026-10-07 09:38,Celular Apple iPhone 15 Pro Max 256GB Swap Grade A,Best Shop Paraguai,iPhone 15 Pro Max 256GB Esim Preto (Americano) Swap A-,,"3.200,40",4.9698,2026-10-06
2026-10-07 09:38,Celular Apple iPhone 15 Pro Max 256GB Swap Grade A,Mini Carlos,Cel iPhone 15 Pro Max 256 Swap AM Azul,,"3.225,80",4.9698,2026-10-06
2026-10-07 09:38,Celular Apple iPhone 15 Pro Max 256GB Swap Grade A,Best Shop Paraguai,iPhone 15 Pro Max 256GB Esim Swap A- Natural Titanium,,"3.200,40",4.9698,2026-10-06
2026-10-07 09:38,Celular Apple iPhone 15 Pro Max 256GB Swap Grade A,Best Shop Paraguai,iPhone 15 Pro Max 256GB Esim Swap A Natural Titanium,,"3.505,20",4.9698,2026-10-06
2026-10-07 09:38,Celular Apple iPhone 15 Pro Max 256GB Swap Grade A,Best Shop Paraguai,iPhone 15 Pro Max 256GB Esim Swap A Azul (Americano),,"3.454,40",4.9698,2026-10-06
2026-10-07 09:38,Celular Apple iPhone 15 Pro Max 256GB Swap Grade A,Mini Carlos,Cel iPhone 15 Pro Max 256 Swap Azul CH,,"3.225,80",4.9698,2026-10-06
2026-10-07 09:38,Celular Apple iPhone 15 Pro Max 256GB Swap Grade A,Best Shop Paraguai,iPhone 15 Pro Max 256GB Esim Swap A Preto (Americano),,"3.454,40",4.9698,2026-10-06
2026-10-07 09:38,Celular Apple iPhone 15 Pro Max 256GB Swap Grade A,Best Shop Paraguai,iPhone 15 Pro Max 256GB Esim Swap A- Blue Titanium,,"3.327,40",4.9698,2026-10-06
2026-10-07 09:38,Celular Apple iPhone 15 Pro Max 256GB Swap Grade A,Direto América,Apple iPhone Swap 15 Pro Max 256GB Blue Grado A Menos e Sim Con Garantia,,"3.276,60",4.9698,2026-10-06
2026-10-07 09:38,Celular Apple iPhone 15 Pro Max 256GB Swap Grade A,Direto América,Apple iPhone Swap 15 Pro Max 256GB White Titanium (Grado A Menos e Sim - 1 Mes de Garantia),,"3.276,60",4.9698,2026-10-06
2026-10-07 09:38,Celular Apple iPhone 15 Pro Max 256GB Swap Grade A,Direto América,Apple iPhone 15 Pro Max 256GB Tela Super Retina XDR 6.1 Cam Tripla 48+12+12 /12MP / Black - Swap | Grade A Menos c/Chip ( 1 Mes de Garantia),,"3.276,60",4.9698,2026-10-06
2026-10-07 09:38,Celular Apple iPhone 15 Pro Max 256GB Swap Grade A,Direto América,Apple iPhone Swap 15 Pro Max 256GB Natural Titanium Grado A Menos c/Chip (Un Mes de Garantia),,"3.276,60",4.9698,2026-10-06
2026-10-07 09:38,Celular Apple iPhone 15 Pro Max 256GB Swap Grade A,Polo Center,Swap iPhone 15 Pro Max 256GB Grad A Black,,"3.403,60",4.9698,2026-10-06
2026-10-07 09:38,Celular Apple iPhone 15 Pro Max 256GB Swap Grade A,Direto América,Apple iPhone Swap 15 Pro Max 256GB Natural Titanium/ Grado A Menos c/Chip (Garantia Un Mes),,"3.276,60",4.9698,2026-10-06
2026-10-07 09:38,Celular Apple iPhone 15 Pro Max 256GB Swap Grade A,Xcell,Apple iPhone 15 Pro Max 256GB Swap Grado A+ Natural Titanium (Americano) (Con Garantia) (Somente Aparelho),,"3.454,40",4.9698,2026-10-06
2026-10-07 09:38,Celular Apple iPhone 15 Pro Max 256GB Swap Grade A,Direto América,Apple iPhone 15 Pro Max 256GB Tela Super Retina XDR 6.7 Cam Tripla 12+12+12 /12MP / Blue - Swap | Grade A e Sim ( 1 Mes de Garantia),,"3.302,00",4.9698,2026-10-06
2026-10-07 09:38,Celular Apple iPhone 15 Pro Max 256GB Swap Grade A,Swap Store,iPhone 15 Pro Max 256GB Blue Titanium Swap A+,,"3.251,20",4.9698,2026-10-06
2026-10-07 09:38,Celular Apple iPhone 15 Pro Max 256GB Swap Grade A,Xcell,Apple iPhone 15 Pro Max 256GB Swap Grado A+ Black Titanium (Americano) (Con Garantia) (Somente Aparelho),,"3.454,40",4.9698,2026-10-06
2026-10-07 09:38,Celular Apple iPhone 15 Pro Max 256GB Swap Grade A,Direto América,Swap iPhone 15 Pro Max 256GB Blue Titanium/ Grado A Menos e Sim (Garantia Un Mes),,"3.276,60",4.9698,2026-10-06
2026-10-07 09:38,Celular Apple iPhone 15 Pro Max 256GB Swap Grade A,Direto América,Apple Swap iPhone 15 Pro Max 256GB Tela Super Retina XDR 6.7 Cam Tripla 12+12+12 /12MP / Black - Grado A e Sim | Con Garantia,,"3.302,00",4.9698,2026-10-06
2026-10-07 09:38,Celular Apple iPhone 15 Pro Max 256GB Swap Grade A,Polo Center,Swap iPhone 15 Pro Max 256GB Grad A Blue,,"3.403,60",4.9698,2026-10-06
2026-10-07 09:38,Celular Apple iPhone 15 Pro Max 256GB Swap Grade A,Polo Center,Swap iPhone 15 Pro Max 256GB Grad A Natural Titani,,"3.429,00",4.9698,2026-10-06
2026-10-07 09:38,Celular Apple iPhone 15 Pro Max 256GB Swap Grade A,Polo Center,Swap iPhone 15 Pro Max 256GB Grad A Silver,,"3.454,40",4.9698,2026-10-06
2026-10-07 09:38,Celular Apple iPhone 15 Pro Max 256GB Swap Grade A,Direto América,Swap iPhone 15 Pro Max 256GB White Titanium Grado A (Un Mes de Garantia),,"3.302,00",4.9698,2026-10-06
2026-10-07 09:38,Celular Apple iPhone 15 Pro Max 256GB Swap Grade A,Direto América,Apple iPhone Swap 15 Pro Max 256GB Blue Titanium/ Grado A Menos c/Chip (Garantia Un Mes),,"3.276,60",4.9698,2026-10-06
2026-10-07 09:38,Celular Apple iPhone 15 Pro Max 256GB Swap Grade A,Direto América,Swap iPhone 15 Pro Max 256GB White Titanium c/Chip Grado A Menos (Un Mes de Garantia),,"3.276,60",4.9698,2026-10-06
2026-10-07 09:38,Celular Apple iPhone 15 Pro Max 256GB Swap Grade A,Direto América,Apple iPhone Swap 15 Pro Max 256GB Natural Grado A (Garantia Un Mes - Americano),,"3.302,00",4.9698,2026-10-06
2026-10-07 09:38,Celular Apple iPhone 15 Pro Max 256GB Swap Grade A,Direto América,Apple iPhone 15 Pro Max 256GB Tela Super Retina XDR 6.1 Cam Tripla 48+12+12 /12MP / Blue - Swap | Grade A e Sim ( 1 Mes de Garantia),,"3.302,00",4.9698,2026-10-06
2026-10-07 09:38,Celular Apple iPhone 15 Pro Max 256GB Swap Grade A,Direto América,Apple iPhone 15 Pro Max 256GB Tela Super Retina XDR 6.1 Cam Tripla 48+12+12 /12MP / Black - Swap | Grade A Menos c/ Chip( 1 Mes de Garantia),,"3.276,60",4.9698,2026-10-06
2026-10-07 09:38,Celular Apple iPhone 15 Pro Max 256GB Swap Grade A,Direto América,Apple iPhone 15 Pro Max 256GB Tela Super Retina XDR 6.7 Cam Tripla 12+12+12 /12MP / Black - Swap | Grade A e Sim ( 1 Mes de Garantia),,"3.302,00",4.9698,2026-10-06
2026-10-07 09:38,Celular Apple iPhone 15 Pro Max 256GB Swap Grade A,Swap Store,iPhone 15 Pro Max 256GB White Titanium Swap A+,,"3.251,20",4.9698,2026-10-06
2026-10-07 09:38,Celular Apple iPhone 15 Pro Max 256GB Swap Grade A,Direto América,Apple iPhone 15 Pro Max 256GB Tela 6.7 Cam Tripla 12+12+12/12MP/ Natural - Swap | Grade A e Sim ( 1 Mes de Garantia),,"3.302,00",4.9698,2026-10-06
2026-10-07 09:38,Celular Apple iPhone 15 Pro Max 256GB Swap Grade A,Direto América,Swap iPhone 15 Pro Max 256GB White Titanium e Sim Grado A (Un Mes de Garantia),,"3.302,00",4.9698,2026-10-06
2026-10-07 09:38,Celular Apple iPhone 15 Pro Max 256GB Swap Grade A,Xcell,Apple iPhone 15 Pro Max 256GB Swap Grado A+ Blue Titanium (Americano) (Con Garantia) (Somente Aparelho),,"3.454,40",4.9698,2026-10-06
2026-10-07 09:38,Celular Apple iPhone 15 Pro Max 256GB Swap Grade A,Swap Store,iPhone 15 Pro Max 256GB Natural Titanium Swap A+,,"3.251,20",4.9698,2026-10-06
2026-10-07 09:38,Celular Apple iPhone 15 Pro Max 256GB Swap Grade A,Direto América,Apple iPhone 15 Pro Max 256GB Tela Super Retina XDR 6.1 Cam Tripla 48+12+12 /12MP / Black - Swap | Grade A Menos e Sim ( 1 Mes de Garantia),,"3.276,60",4.9698,2026-10-06
2026-10-07 09:38,Celular Apple iPhone 15 Pro Max 256GB Swap Grade A,Swap Store,iPhone 15 Pro Max 256GB Black Titanium Swap A+,,"3.251,20",4.9698,2026-10-06
2026-10-07 09:38,Celular Apple iPhone 15 Pro Max 256GB Swap Grade A,Xcell,Apple iPhone 15 Pro Max 256GB Swap Grado A+ White Titanium (Americano) (Con Garantia) (Somente Aparelho),,"3.454,40",4.9698,2026-10-06
2026-10-07 09:38,Celular Apple iPhone 15 Pro Max 256GB Swap Grade A,Direto América,Apple iPhone 15 Pro Max 256GB Tela Super Retina XDR 6.7 Cam Tripla 12+12+12 /12MP / White - Swap | Grado A Menos Con Garantia,,"3.276,60",4.9698,2026-10-06
2026-10-07 09:38,Celular Apple iPhone 15 Pro Max 256GB Swap Grade A,Direto América,Swap iPhone 15 Pro Max 256GB White Titanium c/Chip Grado A (Un Mes de Garantia),,"3.302,00",4.9698,2026-10-06
2026-10-07 09:38,Celular Apple iPhone 15 Pro Max 256GB Swap Grade A,Direto América,Apple iPhone Swap 15 Pro Max 256GB Natural Titanium/ Grado A Menos e Sim (Americano - Garantia Un Mes),,"3.276,60",4.9698,2026-10-06
2026-10-07 09:38,Celular Apple iPhone 15 Pro Max 256GB Swap Grade A,Direto América,Apple iPhone Swap 15 Pro Max 256GB Natural Grado A (Americano - Un Mes de Garantia),,"3.302,00",4.9698,2026-10-06
2026-10-07 09:38,Celular Apple iPhone 15 Pro Max 256GB Swap Grade A,?,Fone de Ouvido Apple EarPods USB-C,,A partir de,4.9698,2026-10-06
2026-10-07 09:38,Celular Apple iPhone 15 Pro Max 256GB Swap Grade A,?,Fone de Ouvido Apple EarPods Lightning,,A partir de,4.9698,2026-10-06
2026-10-07 09:38,Celular Apple iPhone 15 Pro Max 256GB Swap Grade A,?,Fone de Ouvido Apple AirPods Pro 3 Bluetooth,,A partir de,4.9698,2026-10-06
2026-10-07 09:38,Celular Apple iPhone 15 Pro Max 256GB Swap Grade A,?,Fone de Ouvido Apple AirPods Max 2 Bluetooth,,A partir de,4.9698,2026-10-06
2026-10-07 09:38,Celular Apple iPhone 15 Pro Max 256GB Swap Grade A,?,Fone de Ouvido Apple AirPods 5 Bluetooth,,A partir de,4.9698,2026-10-06
2026-10-07 09:38,Celular Apple iPhone Air 256GB,Nissei,Apple iPhone Air A3260 Dual 256 GB - Cloud White,,"4.820,92",4.9698,2026-10-06
2026-10-07 09:38,Celular Apple iPhone Air 256GB,Nissei,Apple iPhone Air A3260 Dual 256 GB - SKY Blue,,"4.820,92",4.9698,2026-10-06
2026-10-07 09:38,Celular Apple iPhone Air 256GB,Nissei,Apple iPhone Air A3260 Dual 256 GB - Light Gold,,"4.820,92",4.9698,2026-10-06
2026-10-07 09:38,Celular Apple iPhone Air 256GB,Cellshop,Apple iPhone Air 256GB Light Gold MG294J (Esim),,"4.800,60",4.9698,2026-10-06
2026-10-07 09:38,Celular Apple iPhone Air 256GB,Cellshop,Apple iPhone Air 256GB Space MG274J (Esim),,"4.820,92",4.9698,2026-10-06
2026-10-07 09:38,Celular Apple iPhone Air 256GB,Cellshop,Apple iPhone Air 256GB SKY Blue MG2A4J (Esim),,"4.800,60",4.9698,2026-10-06
2026-10-07 09:38,Celular Apple iPhone Air 256GB,Shopping China,Celular Apple iPhone Air MG194LL/A 256GB Cloud White,,"4.831,08",4.9698,2026-10-06
2026-10-07 09:38,Celular Apple iPhone Air 256GB,Shopping China,Celular Apple iPhone Air A3260 MG184LL/A 256GB Space Black,,"4.826,00",4.9698,2026-10-06
2026-10-07 09:38,Celular Apple iPhone Air 256GB,Shopping China,Celular Apple iPhone Air A3260 MG1D4LL/A 256GB SKY Blue,,"4.953,00",4.9698,2026-10-06
2026-10-07 09:38,Celular Apple iPhone Air 256GB,Shopping China,Celular Apple iPhone Air A3260 MG1A4LL/A 256GB Light Gold,,"4.831,08",4.9698,2026-10-06
2026-10-07 09:38,Celular Apple iPhone Air 256GB,Melody,iPhone 17 Air 256GB Eu -Esim Blue,,"4.724,40",4.9698,2026-10-06
2026-10-07 09:38,Celular Apple iPhone Air 256GB,MultiPass,Celular Apple iPhone 17 Air 256GB SKY Blue Lacrado Novo LL,,"5.069,84",4.9698,2026-10-06
2026-10-07 09:38,Celular Apple iPhone Air 256GB,Flytec Computers,"Apple iPhone 18 Pro Max A3473 12GB+256GB Esim 6.9""Burgundy",,"8.686,80",4.9698,2026-10-06
2026-10-07 09:38,Celular Apple iPhone Air 256GB,Atacado Connect,"Apple iPhone Air A3517 4J 256GB Esim Tela 6.5"" - Dourado",,"4.775,20",4.9698,2026-10-06
2026-10-07 09:38,Celular Apple iPhone Air 256GB,Atacado Connect,"Apple iPhone Air A3516 4J 256GB Esim Tela 6.5"" - Branco",,"4.749,80",4.9698,2026-10-06
2026-10-07 09:38,Celular Apple iPhone Air 256GB,Atacado Connect,"Apple iPhone Air A3517 Be 256GB Esim Tela 6.5"" - Azul",,"4.749,80",4.9698,2026-10-06
2026-10-07 09:38,Celular Apple iPhone Air 256GB,Atacado Connect,"Apple iPhone Air A3516 4J 256GB Esim Tela 6.5"" - Preto Espacial",,"4.800,60",4.9698,2026-10-06
2026-10-07 09:38,Celular Apple iPhone Air 256GB,LG Importados,Cel Apple New iPhone 17 Air 256GB A-3517 SKY Blue Esim,,"4.978,40",4.9698,2026-10-06
2026-10-07 09:38,Celular Apple iPhone Air 256GB,LG Importados,Cel Apple New iPhone 17 Air 256GB A-3517 Light Gold Esim,,"4.978,40",4.9698,2026-10-06
2026-10-07 09:38,Celular Apple iPhone Air 256GB,Prime Shop,Celular Apple iPhone Air 256GB/12GB Ram de 6.5″ 48MP/18MP – Cloud White,,"4.820,87",4.9698,2026-10-06
2026-10-07 09:38,Celular Apple iPhone Air 256GB,Prime Shop,Celular Apple iPhone Air 256GB/12GB Ram de 6.5″ 48MP/18MP – Light Gold,,"4.820,87",4.9698,2026-10-06
2026-10-07 09:38,Celular Apple iPhone Air 256GB,Avanza,Apple iPhone Air 256GB Light Gold Dual Esim A3260,,"4.944,62",4.9698,2026-10-06
2026-10-07 09:38,Celular Apple iPhone Air 256GB,Vertex,Celular Apple iPhone 17 Air 256GB Black,,"4.876,80",4.9698,2026-10-06
2026-10-07 09:38,Celular Apple iPhone Air 256GB,Prime Shop,Celular Apple iPhone Air 256GB/12GB Ram de 6.5″ 48MP/18MP – SKY Blue,,"4.724,35",4.9698,2026-10-06
2026-10-07 09:38,Celular Apple iPhone Air 256GB,Prime Shop,Celular Apple iPhone Air 256GB/12GB Ram de 6.5″ 48MP/18MP – Space Black,,"8.686,75",4.9698,2026-10-06
2026-10-07 09:38,Celular Apple iPhone Air 256GB,Avanza,Apple iPhone Air 256GB Cloud White Dual Esim A3260,,"4.944,62",4.9698,2026-10-06
2026-10-07 09:38,Celular Apple iPhone Air 256GB,Avanza,Apple iPhone Air 256GB SKY Blue Dual Esim A3260,,"4.944,62",4.9698,2026-10-06
2026-10-07 09:38,Celular Apple iPhone Air 256GB,?,Fone de Ouvido Apple EarPods USB-C,,A partir de,4.9698,2026-10-06
2026-10-07 09:38,Celular Apple iPhone Air 256GB,?,Fone de Ouvido Apple EarPods Lightning,,A partir de,4.9698,2026-10-06
2026-10-07 09:38,Celular Apple iPhone Air 256GB,?,Fone de Ouvido Apple AirPods Pro 3 Bluetooth,,A partir de,4.9698,2026-10-06
2026-10-07 09:38,Celular Apple iPhone Air 256GB,?,Fone de Ouvido Apple AirPods Max 2 Bluetooth,,A partir de,4.9698,2026-10-06
2026-10-07 09:38,Celular Apple iPhone Air 256GB,?,Fone de Ouvido Apple AirPods 5 Bluetooth,,A partir de,4.9698,2026-10-06
2026-10-07 09:38,Celular Apple iPhone 17 Pro Max 512GB Recondicionado,One Click,Apple iPhone 17 Pro Max 512GB A3257 LL Tela Super Retina XDR 6.9 / Cam Tripla 48+48+48MP/18MP Center Stage / Ios 26 - Cosmic Orange (As Is A),,"6.680,20",4.9698,2026-10-06
2026-10-07 09:38,Celular Apple iPhone 17 Pro Max 512GB Recondicionado,One Click,Apple iPhone 17 Pro Max 512GB A3257 LL Tela Super Retina XDR 6.9 / Cam Tripla 48+48+48MP/18MP Center Stage / Ios 26 - Deep Blue (As Is A),,"6.680,20",4.9698,2026-10-06
2026-10-07 09:38,Celular Apple iPhone 17 Pro Max 512GB Recondicionado,One Click,Apple iPhone 17 Pro Max 512GB A3257 LL Tela Super Retina XDR 6.9 / Cam Tripla 48+48+48MP/18MP Center Stage / Ios 26 - Silver (As Is+),,"6.680,20",4.9698,2026-10-06
2026-10-07 09:38,Celular Apple iPhone 17 Pro Max 512GB Recondicionado,One Click,Apple iPhone 17 Pro Max 512GB A3257 LL Tela Super Retina XDR 6.9 / Cam Tripla 48+48+48MP/18MP Center Stage / Ios 26 - Deep Blue (As Is+),,"6.680,20",4.9698,2026-10-06
2026-10-07 09:38,Celular Apple iPhone 17 Pro Max 512GB Recondicionado,One Click,Apple iPhone 17 Pro Max 512GB A3257 LL Tela Super Retina XDR 6.9 / Cam Tripla 48+48+48MP/18MP Center Stage / Ios 26 - Cosmic Orange (As Is+),,"6.680,20",4.9698,2026-10-06
2026-10-07 09:38,Celular Apple iPhone 17 Pro Max 512GB Recondicionado,One Click,Apple iPhone 17 Pro Max 512GB A3257 LL Tela Super Retina XDR 6.9 / Cam Tripla 48+48+48MP/18MP Center Stage / Ios 26 - Silver (As Is A-),,"6.629,40",4.9698,2026-10-06
2026-10-07 09:38,Celular Apple iPhone 17 Pro Max 512GB Recondicionado,One Click,Apple iPhone 17 Pro Max 512GB A3257 LL Tela Super Retina XDR 6.9 / Cam Tripla 48+48+48MP/18MP Center Stage / Ios 26 - Cosmic Orange (As Is A-),,"6.629,40",4.9698,2026-10-06
2026-10-07 09:38,Celular Apple iPhone 17 Pro Max 512GB Recondicionado,One Click,Apple iPhone 17 Pro Max 512GB A3257 LL Tela Super Retina XDR 6.9 / Cam Tripla 48+48+48MP/18MP Center Stage / Ios 26 - Deep Blue (As Is A-),,"6.629,40",4.9698,2026-10-06
2026-10-07 09:38,Celular Apple iPhone 17 Pro Max 512GB Recondicionado,Mobile Zone,"Apple iPhone 17 Pro Max Swap Esim 512GB 6.9"" Orange - Grau A+ (2 Meses de Garantia - Bat. 90/100% - Americano)",,"6.604,00",4.9698,2026-10-06
2026-10-07 09:38,Celular Apple iPhone 17 Pro Max 512GB Recondicionado,Star Games,iPhone 17 Pro Max 512GB Silver Swap A Americano,,"6.350,00",4.9698,2026-10-06
2026-10-07 09:38,Celular Apple iPhone 17 Pro Max 512GB Recondicionado,Star Games,iPhone 17 Pro Max 512GB Dark Blue Swap A Americano,,"6.350,00",4.9698,2026-10-06
2026-10-07 09:38,Celular Apple iPhone 17 Pro Max 512GB Recondicionado,Shopping China,Celular Apple iPhone 17 Pro Max 512GB Orange Asis,,"6.858,00",4.9698,2026-10-06
2026-10-07 09:38,Celular Apple iPhone 17 Pro Max 512GB Recondicionado,Mundo do Celular,iPhone 17 Pro Max 512GB Orange Swap Grade A 100% Usa,,"6.705,60",4.9698,2026-10-06
2026-10-07 09:38,Celular Apple iPhone 17 Pro Max 512GB Recondicionado,New Zone,Apple Cel Swap iPhone 17 Pro Max 512GB A+ Orange (Esim),,"6.604,00",4.9698,2026-10-06
2026-10-07 09:38,Celular Apple iPhone 17 Pro Max 512GB Recondicionado,Atlantico Shop,"Apple iPhone 17 Pro Max 6.9"" 512GB Orange - Swap (Grado A+)",,"6.604,00",4.9698,2026-10-06
2026-10-07 09:38,Celular Apple iPhone 17 Pro Max 512GB Recondicionado,Best Shop Paraguai,iPhone 17 Pro Max 512GB Esim Blue Americano Swap A,,"6.832,60",4.9698,2026-10-06
2026-10-07 09:38,Celular Apple iPhone 17 Pro Max 512GB Recondicionado,Best Shop Paraguai,iPhone 17 Pro Max 512GB Esim Silver Americano Swap A,,"6.731,00",4.9698,2026-10-06
2026-10-07 09:38,Celular Apple iPhone 17 Pro Max 512GB Recondicionado,Best Shop Paraguai,iPhone 17 Pro Max 512GB Esim Orange Americano Swap A,,"6.731,00",4.9698,2026-10-06
2026-10-07 09:38,Celular Apple iPhone 17 Pro Max 512GB Recondicionado,Mini Carlos,Cel iPhone 17 Pro Max 512GB Azul Swap Assis+,,"6.756,40",4.9698,2026-10-06
2026-10-07 09:38,Celular Apple iPhone 17 Pro Max 512GB Recondicionado,Mini Carlos,Cel iPhone 17 Pro Max 512GB Laranja Swap Assis+,,"6.756,40",4.9698,2026-10-06
2026-10-07 09:38,Celular Apple iPhone 17 Pro Max 512GB Recondicionado,?,Fone de Ouvido Apple EarPods USB-C,,A partir de,4.9698,2026-10-06
2026-10-07 09:38,Celular Apple iPhone 17 Pro Max 512GB Recondicionado,?,Fone de Ouvido Apple EarPods Lightning,,A partir de,4.9698,2026-10-06
2026-10-07 09:38,Celular Apple iPhone 17 Pro Max 512GB Recondicionado,?,Fone de Ouvido Apple AirPods Pro 3 Bluetooth,,A partir de,4.9698,2026-10-06
2026-10-07 09:38,Celular Apple iPhone 17 Pro Max 512GB Recondicionado,?,Fone de Ouvido Apple AirPods Max 2 Bluetooth,,A partir de,4.9698,2026-10-06
2026-10-07 09:38,Celular Apple iPhone 17 Pro Max 512GB Recondicionado,?,Fone de Ouvido Apple AirPods 5 Bluetooth,,A partir de,4.9698,2026-10-06
2026-10-07 09:38,Celular Apple iPhone 17 Pro Max 256GB Swap Grade A,Dr Cell Atacado,Cel iPhone 17 Pro Max 256GB Orange G/Apple Swap A+,,"5.943,60",4.9698,2026-10-06
2026-10-07 09:38,Celular Apple iPhone 17 Pro Max 256GB Swap Grade A,Dr Cell Atacado,Cel iPhone 17 Pro Max 256GB Blue G/Apple Swap A+,,"5.943,60",4.9698,2026-10-06
2026-10-07 09:38,Celular Apple iPhone 17 Pro Max 256GB Swap Grade A,Best Shop Paraguai,iPhone 17 Pro Max 256GB Esim Orange Americano Garantia Apple Swap A,,"5.740,40",4.9698,2026-10-06
2026-10-07 09:38,Celular Apple iPhone 17 Pro Max 256GB Swap Grade A,Best Shop Paraguai,iPhone 17 Pro Max 256GB Esim Silver Americano Swap A,,"5.943,60",4.9698,2026-10-06
2026-10-07 09:38,Celular Apple iPhone 17 Pro Max 256GB Swap Grade A,Direto América,Swap iPhone 17 Pro Max 256GB Blue Grado A Con Garantia Apple,,"5.740,40",4.9698,2026-10-06
2026-10-07 09:38,Celular Apple iPhone 17 Pro Max 256GB Swap Grade A,Direto América,Swap iPhone 17 Pro Max 256GB Orange Grado A ( Garantia Apple),,"5.943,60",4.9698,2026-10-06
2026-10-07 09:38,Celular Apple iPhone 17 Pro Max 256GB Swap Grade A,Direto América,Swap iPhone 17 Pro Max 256GB Orange Grado A Con Garantia Apple,,"5.943,60",4.9698,2026-10-06
2026-10-07 09:38,Celular Apple iPhone 17 Pro Max 256GB Swap Grade A,Direto América,Apple iPhone 17 Pro Max 256GB Tela Super Retina XDR 6.1 Cam Tripla 12+12+12 /12MP / Blue - Swap | Grade A ( 1 Mes de Garantia),,"5.740,40",4.9698,2026-10-06
2026-10-07 09:38,Celular Apple iPhone 17 Pro Max 256GB Swap Grade A,Direto América,Swap iPhone 17 Pro Max 256GB Blue Grado A Menos ( Garantia Apple ),,"5.715,00",4.9698,2026-10-06
2026-10-07 09:38,Celular Apple iPhone 17 Pro Max 256GB Swap Grade A,Direto América,Swap iPhone 17 Pro Max 256GB Silver Grado A ( Garantia Apple),,"5.943,60",4.9698,2026-10-06
2026-10-07 09:38,Celular Apple iPhone 17 Pro Max 256GB Swap Grade A,Direto América,Swap iPhone 17 Pro Max 256GB Blue Grado A ( Garantia Apple),,"5.740,40",4.9698,2026-10-06
2026-10-07 09:38,Celular Apple iPhone 17 Pro Max 256GB Swap Grade A,Direto América,Swap iPhone 17 Pro Max 256GB Blue Grado A Menos Con Garantia Apple,,"5.715,00",4.9698,2026-10-06
2026-10-07 09:38,Celular Apple iPhone 17 Pro Max 256GB Swap Grade A,Cell World,iPhone 17 Pro Max 256GB Orange Usado Grade A,,"6.705,60",4.9698,2026-10-06
2026-10-07 09:38,Celular Apple iPhone 17 Pro Max 256GB Swap Grade A,Direto América,Swap iPhone 17 Pro Max 256GB Silver Grado A Con Garantia Apple,,"5.943,60",4.9698,2026-10-06
2026-10-07 09:38,Celular Apple iPhone 17 Pro Max 256GB Swap Grade A,Direto América,Swap iPhone 17 Pro Max 256GB Silver Grado A Menos Con Garantia,,"5.740,40",4.9698,2026-10-06
2026-10-07 09:38,Celular Apple iPhone 17 Pro Max 256GB Swap Grade A,Direto América,Swap iPhone 17 Pro Max 256GB Silver Grado A Menos ( Garantia Apple),,"5.740,40",4.9698,2026-10-06
2026-10-07 09:38,Celular Apple iPhone 17 Pro Max 256GB Swap Grade A,Direto América,Swap iPhone 17 Pro Max 256GB Blue Grado A Menos - Garantia Apple,,"5.715,00",4.9698,2026-10-06
2026-10-07 09:38,Celular Apple iPhone 17 Pro Max 256GB Swap Grade A,Direto América,Swap iPhone 17 Pro Max 256GB Silver Grado A - Garantia Apple,,"5.943,60",4.9698,2026-10-06
2026-10-07 09:38,Celular Apple iPhone 17 Pro Max 256GB Swap Grade A,Cell World,iPhone 17 Pro Max 256 Usado Blue Grade A,,"6.705,60",4.9698,2026-10-06
2026-10-07 09:38,Celular Apple iPhone 17 Pro Max 256GB Swap Grade A,?,Fone de Ouvido Apple EarPods USB-C,,A partir de,4.9698,2026-10-06
2026-10-07 09:38,Celular Apple iPhone 17 Pro Max 256GB Swap Grade A,?,Fone de Ouvido Apple EarPods Lightning,,A partir de,4.9698,2026-10-06
2026-10-07 09:38,Celular Apple iPhone 17 Pro Max 256GB Swap Grade A,?,Fone de Ouvido Apple AirPods Pro 3 Bluetooth,,A partir de,4.9698,2026-10-06
2026-10-07 09:38,Celular Apple iPhone 17 Pro Max 256GB Swap Grade A,?,Fone de Ouvido Apple AirPods Max 2 Bluetooth,,A partir de,4.9698,2026-10-06
2026-10-07 09:38,Celular Apple iPhone 17 Pro Max 256GB Swap Grade A,?,Fone de Ouvido Apple AirPods 5 Bluetooth,,A partir de,4.9698,2026-10-06
2026-10-07 09:38,Celular Apple iPhone 17 Pro Max 2TB,Nissei,Apple iPhone 17 Pro Max A3257 Dual 2 TB - Deep Blue,,"10.668,00",4.9698,2026-10-06
2026-10-07 09:38,Celular Apple iPhone 17 Pro Max 2TB,Nissei,Apple iPhone 17 Pro Max A3257 Dual 2 TB - Cosmic Orange,,"10.668,00",4.9698,2026-10-06
2026-10-07 09:38,Celular Apple iPhone 17 Pro Max 2TB,Shopping China,Celular Apple iPhone 17 Pro Max 2TB Orange e/JP,,"10.160,00",4.9698,2026-10-06
2026-10-07 09:38,Celular Apple iPhone 17 Pro Max 2TB,Shopping China,Celular Apple iPhone 17 Pro Max A3257 MFXT4LL/A 2TB Cosmic Orange,,"10.668,00",4.9698,2026-10-06
2026-10-07 09:38,Celular Apple iPhone 17 Pro Max 2TB,Shopping China,Celular Apple iPhone 17 Pro Max 2TB Silver e/JP,,"10.160,00",4.9698,2026-10-06
2026-10-07 09:38,Celular Apple iPhone 17 Pro Max 2TB,Mundo do Celular,iPhone 17 Pro Max 2TBGB Cosmic Orange,,"10.261,60",4.9698,2026-10-06
2026-10-07 09:38,Celular Apple iPhone 17 Pro Max 2TB,Star Company,iPhone 17 Pro Max 2TB Americano Orange,,"9.966,96",4.9698,2026-10-06
2026-10-07 09:38,Celular Apple iPhone 17 Pro Max 2TB,Atacado Connect,"Apple iPhone 17 Pro Max A3257 LL 2TB Esim Tela 6.9"" - Laranja Cósmico",,"10.058,40",4.9698,2026-10-06
2026-10-07 09:38,Celular Apple iPhone 17 Pro Max 2TB,LG Importados,Cel Apple New iPhone 17 Pro Max 2TB A-3257 Deep Blue LL/A Esim,,"10.312,40",4.9698,2026-10-06
2026-10-07 09:38,Celular Apple iPhone 17 Pro Max 2TB,Mestre,Apple iPhone 17 Pro Max 2TB Americano (Esim) - Orange,,"9.966,96",4.9698,2026-10-06
2026-10-07 09:38,Celular Apple iPhone 17 Pro Max 2TB,Prime Shop,Celular Apple iPhone 17 Pro Max 2TB – Cosmic Orange,,"9.966,96",4.9698,2026-10-06
2026-10-07 09:38,Celular Apple iPhone 17 Pro Max 2TB,Avanza,Apple iPhone 17 Pro Max 2TB Deep Blue Dual Esim A3257,,"10.961,88",4.9698,2026-10-06
2026-10-07 09:38,Celular Apple iPhone 17 Pro Max 2TB,Avanza,Apple iPhone 17 Pro Max 2TB Cosmic Orange Dual Esim A3257,,"10.961,88",4.9698,2026-10-06
2026-10-07 09:38,Celular Apple iPhone 17 Pro Max 2TB,Prime Shop,Celular Apple iPhone 17 Pro Max 2TB – Deep Blue,,"10.667,95",4.9698,2026-10-06
2026-10-07 09:38,Celular Apple iPhone 17 Pro Max 2TB,?,Fone de Ouvido Apple EarPods USB-C,,A partir de,4.9698,2026-10-06
2026-10-07 09:38,Celular Apple iPhone 17 Pro Max 2TB,?,Fone de Ouvido Apple EarPods Lightning,,A partir de,4.9698,2026-10-06
2026-10-07 09:38,Celular Apple iPhone 17 Pro Max 2TB,?,Fone de Ouvido Apple AirPods Pro 3 Bluetooth,,A partir de,4.9698,2026-10-06
2026-10-07 09:38,Celular Apple iPhone 17 Pro Max 2TB,?,Fone de Ouvido Apple AirPods Max 2 Bluetooth,,A partir de,4.9698,2026-10-06
2026-10-07 09:38,Celular Apple iPhone 17 Pro Max 2TB,?,Fone de Ouvido Apple AirPods 5 Bluetooth,,A partir de,4.9698,2026-10-06
2026-10-07 09:38,Celular Apple iPhone 15 Pro Max 256GB Swap Grade B,One Click,Apple iPhone 15 Pro Max 256GB LL Tela Super Retina XDR 6.7 Cam Tripla 48+12+12MP/12MP Ios 17 Black Titanium - Swap 'Grade B' (Esim)(1 Mês Garantia) / Fully Tested - 100% Funcional,,"3.373,12",4.9698,2026-10-06
2026-10-07 09:38,Celular Apple iPhone 15 Pro Max 256GB Swap Grade B,Mundo do Celular,iPhone 15 Pro Max 256GB Swap Grado B Preto,,"3.098,80",4.9698,2026-10-06
2026-10-07 09:38,Celular Apple iPhone 15 Pro Max 256GB Swap Grade B,Mundo do Celular,iPhone 15 Pro Max 256GB Swap Grado B C4 Azul,,"2.565,40",4.9698,2026-10-06
2026-10-07 09:38,Celular Apple iPhone 15 Pro Max 256GB Swap Grade B,Mini Carlos,Cel iPhone 15 Pro Max 256 Swap Branco CH,,"3.225,80",4.9698,2026-10-06
2026-10-07 09:38,Celular Apple iPhone 15 Pro Max 256GB Swap Grade B,Abudi Cell,iPhone 15 Pro Max 256GB Swap Blue Titanium,,"3.200,40",4.9698,2026-10-06
2026-10-07 09:38,Celular Apple iPhone 15 Pro Max 256GB Swap Grade B,Direto América,Swap iPhone 15 Pro Max 256GB Natural Titanium Grado B e Sim (Un Mes de Garantia - Americano ),,"3.251,20",4.9698,2026-10-06
2026-10-07 09:38,Celular Apple iPhone 15 Pro Max 256GB Swap Grade B,Direto América,Apple iPhone 15 Pro Max 256GB Tela 6.7 Cam Tripla 12+12+12/12MP Los Pacific Blue - Swap | Grade B e Sim ( 1 Mes de Garantia),,"3.251,20",4.9698,2026-10-06
2026-10-07 09:38,Celular Apple iPhone 15 Pro Max 256GB Swap Grade B,Polo Center,Swap iPhone 15 Pro Max 256GB Grad A- Natural Titan,,"3.175,00",4.9698,2026-10-06
2026-10-07 09:38,Celular Apple iPhone 15 Pro Max 256GB Swap Grade B,Polo Center,Swap iPhone 15 Pro Max 256GB Grad A- Silver,,"3.175,00",4.9698,2026-10-06
2026-10-07 09:38,Celular Apple iPhone 15 Pro Max 256GB Swap Grade B,Direto América,Apple iPhone 15 Pro Max 256GB Tela Super Retina XDR 6.1 Cam Tripla 48+12+12 /12MP / White - Swap | Grado B e Sim Con Garantia,,"3.251,20",4.9698,2026-10-06
2026-10-07 09:38,Celular Apple iPhone 15 Pro Max 256GB Swap Grade B,Direto América,Apple iPhone Swap 15 Pro Max 256GB Blue Grado B e Sim (Garantia Un Mes),,"3.251,20",4.9698,2026-10-06
2026-10-07 09:38,Celular Apple iPhone 15 Pro Max 256GB Swap Grade B,Direto América,Apple iPhone Swap 15 Pro Max 256GB Natural Titanium Grado B (e Sim - Un Mes de Garantia),,"3.251,20",4.9698,2026-10-06
2026-10-07 09:38,Celular Apple iPhone 15 Pro Max 256GB Swap Grade B,Direto América,Swap iPhone 15 Pro Max 256GB Natural Grado B c/Chip (Un Mes de Garantia),,"3.251,20",4.9698,2026-10-06
2026-10-07 09:38,Celular Apple iPhone 15 Pro Max 256GB Swap Grade B,Direto América,Swap iPhone 15 Pro Max 256GB White Grado B ( e Sim - Con Garantia ),,"3.251,20",4.9698,2026-10-06
2026-10-07 09:38,Celular Apple iPhone 15 Pro Max 256GB Swap Grade B,Direto América,Apple iPhone 15 Pro Max 256GB Tela Super Retina XDR 6.7 Cam Tripla 12+12+12 /12MP / White - Swap | Grado B e Sim Con Garantia,,"3.251,20",4.9698,2026-10-06
2026-10-07 09:38,Celular Apple iPhone 15 Pro Max 256GB Swap Grade B,Direto América,Apple iPhone Swap 15 Pro Max 256GB Blue Titanium/ Grado B c/Chip (Garantia Un Mes),,"3.251,20",4.9698,2026-10-06
2026-10-07 09:38,Celular Apple iPhone 15 Pro Max 256GB Swap Grade B,?,Fone de Ouvido Apple EarPods USB-C,,A partir de,4.9698,2026-10-06
2026-10-07 09:38,Celular Apple iPhone 15 Pro Max 256GB Swap Grade B,?,Fone de Ouvido Apple EarPods Lightning,,A partir de,4.9698,2026-10-06
2026-10-07 09:38,Celular Apple iPhone 15 Pro Max 256GB Swap Grade B,?,Fone de Ouvido Apple AirPods Pro 3 Bluetooth,,A partir de,4.9698,2026-10-06
2026-10-07 09:38,Celular Apple iPhone 15 Pro Max 256GB Swap Grade B,?,Fone de Ouvido Apple AirPods Max 2 Bluetooth,,A partir de,4.9698,2026-10-06
2026-10-07 09:38,Celular Apple iPhone 15 Pro Max 256GB Swap Grade B,?,Fone de Ouvido Apple AirPods 5 Bluetooth,,A partir de,4.9698,2026-10-06
2026-10-07 09:38,Celular Apple iPhone 17 Pro Max 256GB Recondicionado,One Click,Apple iPhone 17 Pro Max 256GB A3257 LL Tela Super Retina XDR 6.9 / Cam Tripla 48+48+48MP/18MP Center Stage / Ios 26 - Cosmic Orange (As Is A-),,"5.831,84",4.9698,2026-10-06
2026-10-07 09:38,Celular Apple iPhone 17 Pro Max 256GB Recondicionado,Shopping China,Celular Apple iPhone 17 Pro Max 256GB Orange Asis,,"6.248,40",4.9698,2026-10-06
2026-10-07 09:38,Celular Apple iPhone 17 Pro Max 256GB Recondicionado,Mundo do Celular,iPhone 17 Pro Max 256GB Orange Swap c/Garantia Apple,,"5.816,60",4.9698,2026-10-06
2026-10-07 09:38,Celular Apple iPhone 17 Pro Max 256GB Recondicionado,Mundo do Celular,iPhone 17 Pro Max 256GB Deep Blue Swap c/Garantia Apple,,"5.816,60",4.9698,2026-10-06
2026-10-07 09:38,Celular Apple iPhone 17 Pro Max 256GB Recondicionado,Melody,iPhone 17 Pro Max 256GB Usa Asis Silver,,"5.994,40",4.9698,2026-10-06
2026-10-07 09:38,Celular Apple iPhone 17 Pro Max 256GB Recondicionado,?,Fone de Ouvido Apple EarPods USB-C,,A partir de,4.9698,2026-10-06
2026-10-07 09:38,Celular Apple iPhone 17 Pro Max 256GB Recondicionado,?,Fone de Ouvido Apple EarPods Lightning,,A partir de,4.9698,2026-10-06
2026-10-07 09:38,Celular Apple iPhone 17 Pro Max 256GB Recondicionado,?,Fone de Ouvido Apple AirPods Pro 3 Bluetooth,,A partir de,4.9698,2026-10-06
2026-10-07 09:38,Celular Apple iPhone 17 Pro Max 256GB Recondicionado,?,Fone de Ouvido Apple AirPods Max 2 Bluetooth,,A partir de,4.9698,2026-10-06
2026-10-07 09:38,Celular Apple iPhone 17 Pro Max 256GB Recondicionado,?,Fone de Ouvido Apple AirPods 5 Bluetooth,,A partir de,4.9698,2026-10-06
2026-10-07 09:38,Celular Apple iPhone 17 Pro Max 1TB Recondicionado,Mini Carlos,Cel iPhone 17 Pro Max 1TB Silver Swap,,"7.315,20",4.9698,2026-10-06
2026-10-07 09:38,Celular Apple iPhone 17 Pro Max 1TB Recondicionado,?,Fone de Ouvido Apple EarPods USB-C,,A partir de,4.9698,2026-10-06
2026-10-07 09:38,Celular Apple iPhone 17 Pro Max 1TB Recondicionado,?,Fone de Ouvido Apple EarPods Lightning,,A partir de,4.9698,2026-10-06
2026-10-07 09:38,Celular Apple iPhone 17 Pro Max 1TB Recondicionado,?,Fone de Ouvido Apple AirPods Pro 3 Bluetooth,,A partir de,4.9698,2026-10-06
2026-10-07 09:38,Celular Apple iPhone 17 Pro Max 1TB Recondicionado,?,Fone de Ouvido Apple AirPods Max 2 Bluetooth,,A partir de,4.9698,2026-10-06
2026-10-07 09:38,Celular Apple iPhone 17 Pro Max 1TB Recondicionado,?,Fone de Ouvido Apple AirPods 5 Bluetooth,,A partir de,4.9698,2026-10-06
2026-10-07 09:38,Celular Apple iPhone 15 Pro Max 256GB Swap Grade C,One Click,Apple iPhone 15 Pro Max 256GB LL Tela Super Retina XDR 6.7 Cam Tripla 48+12+12MP/12MP Ios 17 Black Titanium - Swap 'Grade C' (Esim)(1 Mês Garantia) / Fully Tested - 100% Funcional,,"3.332,48",4.9698,2026-10-06
2026-10-07 09:38,Celular Apple iPhone 15 Pro Max 256GB Swap Grade C,?,Fone de Ouvido Apple EarPods USB-C,,A partir de,4.9698,2026-10-06
2026-10-07 09:38,Celular Apple iPhone 15 Pro Max 256GB Swap Grade C,?,Fone de Ouvido Apple EarPods Lightning,,A partir de,4.9698,2026-10-06
2026-10-07 09:38,Celular Apple iPhone 15 Pro Max 256GB Swap Grade C,?,Fone de Ouvido Apple AirPods Pro 3 Bluetooth,,A partir de,4.9698,2026-10-06
2026-10-07 09:38,Celular Apple iPhone 15 Pro Max 256GB Swap Grade C,?,Fone de Ouvido Apple AirPods Max 2 Bluetooth,,A partir de,4.9698,2026-10-06
2026-10-07 09:38,Celular Apple iPhone 15 Pro Max 256GB Swap Grade C,?,Fone de Ouvido Apple AirPods 5 Bluetooth,,A partir de,4.9698,2026-10-06
2026-10-07 09:38,Celular Motorola Moto G04s XT-2421 Dual Chip 64GB 4G,Mini Carlos,Cel iPhone 17 Pro Max 256GB Azul Japones,,"6.223,00",4.9698,2026-10-06
2026-10-07 09:38,Celular Motorola Moto G04s XT-2421 Dual Chip 64GB 4G,?,Fone de Ouvido Motorola Moto Buds XT-2443 Bluetooth,,A partir de,4.9698,2026-10-06
2026-10-07 09:38,Celular Motorola Moto G04s XT-2421 Dual Chip 64GB 4G,?,Fone de Ouvido Motorola Moto Buds+ XT-2441 Bluetooth,,A partir de,4.9698,2026-10-06
2026-10-07 09:38,Celular Motorola Moto G04s XT-2421 Dual Chip 64GB 4G,?,Fone de Ouvido Motorola Moto Buds Loop XT-2545 Bluetooth,,A partir de,4.9698,2026-10-06
2026-10-07 09:38,Capa Protetora Spigen Nano Pop Hybrid Magfit para iPhone 17 Pro Max - Avo Green (ACS09608),Nissei,Oukitel C68 Plus Dual 256 GB - Dourado,,"787,40",4.9698,2026-10-06
2026-10-07 09:38,Capa Protetora Spigen Nano Pop Hybrid Magfit para iPhone 17 Pro Max - Avo Green (ACS09608),Nissei,Oukitel C68 Plus Dual 256 GB - Azul,,"787,40",4.9698,2026-10-06
2026-10-07 09:38,Capa Protetora Spigen Nano Pop Hybrid Magfit para iPhone 17 Pro Max - Avo Green (ACS09608),Nissei,Xiaomi Poco F9 Pro 5G Dual 256 GB - Aurora Green,,"3.296,92",4.9698,2026-10-06
2026-10-07 09:38,Capa Protetora Spigen Nano Pop Hybrid Magfit para iPhone 17 Pro Max - Avo Green (ACS09608),Nissei,Cel Xiaomi Poco F9 Pro Dual 512GB/12GB Ram 5G Blue,,"3.662,68",4.9698,2026-10-06
2026-10-07 09:38,Capa Protetora Spigen Nano Pop Hybrid Magfit para iPhone 17 Pro Max - Avo Green (ACS09608),Nissei,Oukitel C68 Plus Dual 256 GB - Gray,,"787,40",4.9698,2026-10-06
2026-10-07 09:38,Capa Protetora Spigen Nano Pop Hybrid Magfit para iPhone 17 Pro Max - Avo Green (ACS09608),Nissei,Oukitel C68 Plus Dual 256 GB - Roxo,,"787,40",4.9698,2026-10-06
2026-10-07 09:38,Capa Protetora Spigen Nano Pop Hybrid Magfit para iPhone 17 Pro Max - Avo Green (ACS09608),Nissei,Motorola Moto G35 XT2433-2 5G Dual 256 GB - Midnight Black + Carregador,,"802,64",4.9698,2026-10-06
2026-10-07 09:38,Capa Protetora Spigen Nano Pop Hybrid Magfit para iPhone 17 Pro Max - Avo Green (ACS09608),Nissei,Xiaomi Redmi Note 17 4G Dual 128 GB 4 GB Ram - Preto,,"960,12",4.9698,2026-10-06
2026-10-07 09:38,Capa Protetora Spigen Nano Pop Hybrid Magfit para iPhone 17 Pro Max - Avo Green (ACS09608),Nissei,Motorola Edge 70 Fusion XT2605-2 5G Dual 256 GB - Pantone Blue Surf + Carregador,,"1.854,20",4.9698,2026-10-06
2026-10-07 09:38,Capa Protetora Spigen Nano Pop Hybrid (Magfit) ACS09607 para iPhone 17 Pro Max - Blueberry Navy,Nissei,Oukitel C68 Plus Dual 256 GB - Dourado,,"787,40",4.9698,2026-10-06
2026-10-07 09:38,Capa Protetora Spigen Nano Pop Hybrid (Magfit) ACS09607 para iPhone 17 Pro Max - Blueberry Navy,Nissei,Oukitel C68 Plus Dual 256 GB - Azul,,"787,40",4.9698,2026-10-06
2026-10-07 09:38,Capa Protetora Spigen Nano Pop Hybrid (Magfit) ACS09607 para iPhone 17 Pro Max - Blueberry Navy,Nissei,Xiaomi Poco F9 Pro 5G Dual 256 GB - Aurora Green,,"3.296,92",4.9698,2026-10-06
2026-10-07 09:38,Capa Protetora Spigen Nano Pop Hybrid (Magfit) ACS09607 para iPhone 17 Pro Max - Blueberry Navy,Nissei,Cel Xiaomi Poco F9 Pro Dual 512GB/12GB Ram 5G Blue,,"3.662,68",4.9698,2026-10-06
2026-10-07 09:38,Capa Protetora Spigen Nano Pop Hybrid (Magfit) ACS09607 para iPhone 17 Pro Max - Blueberry Navy,Nissei,Oukitel C68 Plus Dual 256 GB - Gray,,"787,40",4.9698,2026-10-06
2026-10-07 09:38,Capa Protetora Spigen Nano Pop Hybrid (Magfit) ACS09607 para iPhone 17 Pro Max - Blueberry Navy,Nissei,Oukitel C68 Plus Dual 256 GB - Roxo,,"787,40",4.9698,2026-10-06
2026-10-07 09:38,Capa Protetora Spigen Nano Pop Hybrid (Magfit) ACS09607 para iPhone 17 Pro Max - Blueberry Navy,Nissei,Motorola Moto G35 XT2433-2 5G Dual 256 GB - Midnight Black + Carregador,,"802,64",4.9698,2026-10-06
2026-10-07 09:38,Capa Protetora Spigen Nano Pop Hybrid (Magfit) ACS09607 para iPhone 17 Pro Max - Blueberry Navy,Nissei,Xiaomi Redmi Note 17 4G Dual 128 GB 4 GB Ram - Preto,,"960,12",4.9698,2026-10-06
2026-10-07 09:38,Capa Protetora Spigen Nano Pop Hybrid (Magfit) ACS09607 para iPhone 17 Pro Max - Blueberry Navy,Nissei,Motorola Edge 70 Fusion XT2605-2 5G Dual 256 GB - Pantone Blue Surf + Carregador,,"1.854,20",4.9698,2026-10-06
2026-10-07 09:38,Capa Protetora Spigen Core Armor Magfit para iPhone 17 Pro Max - Marble Gray (ACS09672),Nissei,Oukitel C68 Plus Dual 256 GB - Dourado,,"787,40",4.9698,2026-10-06
2026-10-07 09:38,Capa Protetora Spigen Core Armor Magfit para iPhone 17 Pro Max - Marble Gray (ACS09672),Nissei,Oukitel C68 Plus Dual 256 GB - Azul,,"787,40",4.9698,2026-10-06
2026-10-07 09:38,Capa Protetora Spigen Core Armor Magfit para iPhone 17 Pro Max - Marble Gray (ACS09672),Nissei,Xiaomi Poco F9 Pro 5G Dual 256 GB - Aurora Green,,"3.296,92",4.9698,2026-10-06
2026-10-07 09:38,Capa Protetora Spigen Core Armor Magfit para iPhone 17 Pro Max - Marble Gray (ACS09672),Nissei,Cel Xiaomi Poco F9 Pro Dual 512GB/12GB Ram 5G Blue,,"3.662,68",4.9698,2026-10-06
2026-10-07 09:38,Capa Protetora Spigen Core Armor Magfit para iPhone 17 Pro Max - Marble Gray (ACS09672),Nissei,Oukitel C68 Plus Dual 256 GB - Gray,,"787,40",4.9698,2026-10-06
2026-10-07 09:38,Capa Protetora Spigen Core Armor Magfit para iPhone 17 Pro Max - Marble Gray (ACS09672),Nissei,Oukitel C68 Plus Dual 256 GB - Roxo,,"787,40",4.9698,2026-10-06
2026-10-07 09:38,Capa Protetora Spigen Core Armor Magfit para iPhone 17 Pro Max - Marble Gray (ACS09672),Nissei,Motorola Moto G35 XT2433-2 5G Dual 256 GB - Midnight Black + Carregador,,"802,64",4.9698,2026-10-06
2026-10-07 09:38,Capa Protetora Spigen Core Armor Magfit para iPhone 17 Pro Max - Marble Gray (ACS09672),Nissei,Xiaomi Redmi Note 17 4G Dual 128 GB 4 GB Ram - Preto,,"960,12",4.9698,2026-10-06
2026-10-07 09:38,Capa Protetora Spigen Core Armor Magfit para iPhone 17 Pro Max - Marble Gray (ACS09672),Nissei,Motorola Edge 70 Fusion XT2605-2 5G Dual 256 GB - Pantone Blue Surf + Carregador,,"1.854,20",4.9698,2026-10-06
2026-10-07 09:38,Estojo Protetor Spigen Core Armor Magfit para iPhone 17 Pro Max - Matte Black (ACS09596),Nissei,Oukitel C68 Plus Dual 256 GB - Dourado,,"787,40",4.9698,2026-10-06
2026-10-07 09:38,Estojo Protetor Spigen Core Armor Magfit para iPhone 17 Pro Max - Matte Black (ACS09596),Nissei,Oukitel C68 Plus Dual 256 GB - Azul,,"787,40",4.9698,2026-10-06
2026-10-07 09:38,Estojo Protetor Spigen Core Armor Magfit para iPhone 17 Pro Max - Matte Black (ACS09596),Nissei,Xiaomi Poco F9 Pro 5G Dual 256 GB - Aurora Green,,"3.296,92",4.9698,2026-10-06
2026-10-07 09:38,Estojo Protetor Spigen Core Armor Magfit para iPhone 17 Pro Max - Matte Black (ACS09596),Nissei,Cel Xiaomi Poco F9 Pro Dual 512GB/12GB Ram 5G Blue,,"3.662,68",4.9698,2026-10-06
2026-10-07 09:38,Estojo Protetor Spigen Core Armor Magfit para iPhone 17 Pro Max - Matte Black (ACS09596),Nissei,Oukitel C68 Plus Dual 256 GB - Gray,,"787,40",4.9698,2026-10-06
2026-10-07 09:38,Estojo Protetor Spigen Core Armor Magfit para iPhone 17 Pro Max - Matte Black (ACS09596),Nissei,Oukitel C68 Plus Dual 256 GB - Roxo,,"787,40",4.9698,2026-10-06
2026-10-07 09:38,Estojo Protetor Spigen Core Armor Magfit para iPhone 17 Pro Max - Matte Black (ACS09596),Nissei,Motorola Moto G35 XT2433-2 5G Dual 256 GB - Midnight Black + Carregador,,"802,64",4.9698,2026-10-06
2026-10-07 09:38,Estojo Protetor Spigen Core Armor Magfit para iPhone 17 Pro Max - Matte Black (ACS09596),Nissei,Xiaomi Redmi Note 17 4G Dual 128 GB 4 GB Ram - Preto,,"960,12",4.9698,2026-10-06
2026-10-07 09:38,Estojo Protetor Spigen Core Armor Magfit para iPhone 17 Pro Max - Matte Black (ACS09596),Nissei,Motorola Edge 70 Fusion XT2605-2 5G Dual 256 GB - Pantone Blue Surf + Carregador,,"1.854,20",4.9698,2026-10-06
2026-10-07 09:38,Estojo Protetor Spigen Slim Armor (Magfit) para iPhone 17 Pro Max - Frost Black (ACS09674),Nissei,Oukitel C68 Plus Dual 256 GB - Dourado,,"787,40",4.9698,2026-10-06
2026-10-07 09:38,Estojo Protetor Spigen Slim Armor (Magfit) para iPhone 17 Pro Max - Frost Black (ACS09674),Nissei,Oukitel C68 Plus Dual 256 GB - Azul,,"787,40",4.9698,2026-10-06
2026-10-07 09:38,Estojo Protetor Spigen Slim Armor (Magfit) para iPhone 17 Pro Max - Frost Black (ACS09674),Nissei,Xiaomi Poco F9 Pro 5G Dual 256 GB - Aurora Green,,"3.296,92",4.9698,2026-10-06
2026-10-07 09:38,Estojo Protetor Spigen Slim Armor (Magfit) para iPhone 17 Pro Max - Frost Black (ACS09674),Nissei,Cel Xiaomi Poco F9 Pro Dual 512GB/12GB Ram 5G Blue,,"3.662,68",4.9698,2026-10-06
2026-10-07 09:38,Estojo Protetor Spigen Slim Armor (Magfit) para iPhone 17 Pro Max - Frost Black (ACS09674),Nissei,Oukitel C68 Plus Dual 256 GB - Gray,,"787,40",4.9698,2026-10-06
2026-10-07 09:38,Estojo Protetor Spigen Slim Armor (Magfit) para iPhone 17 Pro Max - Frost Black (ACS09674),Nissei,Oukitel C68 Plus Dual 256 GB - Roxo,,"787,40",4.9698,2026-10-06
2026-10-07 09:38,Estojo Protetor Spigen Slim Armor (Magfit) para iPhone 17 Pro Max - Frost Black (ACS09674),Nissei,Motorola Moto G35 XT2433-2 5G Dual 256 GB - Midnight Black + Carregador,,"802,64",4.9698,2026-10-06
2026-10-07 09:38,Estojo Protetor Spigen Slim Armor (Magfit) para iPhone 17 Pro Max - Frost Black (ACS09674),Nissei,Xiaomi Redmi Note 17 4G Dual 128 GB 4 GB Ram - Preto,,"960,12",4.9698,2026-10-06
2026-10-07 09:38,Estojo Protetor Spigen Slim Armor (Magfit) para iPhone 17 Pro Max - Frost Black (ACS09674),Nissei,Motorola Edge 70 Fusion XT2605-2 5G Dual 256 GB - Pantone Blue Surf + Carregador,,"1.854,20",4.9698,2026-10-06
2026-10-07 09:38,Estojo Protetor Smallrig 5551 para iPhone 17 Pro Max - Preto,Nissei,Oukitel C68 Plus Dual 256 GB - Dourado,,"787,40",4.9698,2026-10-06
2026-10-07 09:38,Estojo Protetor Smallrig 5551 para iPhone 17 Pro Max - Preto,Nissei,Oukitel C68 Plus Dual 256 GB - Azul,,"787,40",4.9698,2026-10-06
2026-10-07 09:38,Estojo Protetor Smallrig 5551 para iPhone 17 Pro Max - Preto,Nissei,Xiaomi Poco F9 Pro 5G Dual 256 GB - Aurora Green,,"3.296,92",4.9698,2026-10-06
2026-10-07 09:38,Estojo Protetor Smallrig 5551 para iPhone 17 Pro Max - Preto,Nissei,Cel Xiaomi Poco F9 Pro Dual 512GB/12GB Ram 5G Blue,,"3.662,68",4.9698,2026-10-06
2026-10-07 09:38,Estojo Protetor Smallrig 5551 para iPhone 17 Pro Max - Preto,Nissei,Oukitel C68 Plus Dual 256 GB - Gray,,"787,40",4.9698,2026-10-06
2026-10-07 09:38,Estojo Protetor Smallrig 5551 para iPhone 17 Pro Max - Preto,Nissei,Oukitel C68 Plus Dual 256 GB - Roxo,,"787,40",4.9698,2026-10-06
2026-10-07 09:38,Estojo Protetor Smallrig 5551 para iPhone 17 Pro Max - Preto,Nissei,Motorola Moto G35 XT2433-2 5G Dual 256 GB - Midnight Black + Carregador,,"802,64",4.9698,2026-10-06
2026-10-07 09:38,Estojo Protetor Smallrig 5551 para iPhone 17 Pro Max - Preto,Nissei,Xiaomi Redmi Note 17 4G Dual 128 GB 4 GB Ram - Preto,,"960,12",4.9698,2026-10-06
2026-10-07 09:38,Estojo Protetor Smallrig 5551 para iPhone 17 Pro Max - Preto,Nissei,Motorola Edge 70 Fusion XT2605-2 5G Dual 256 GB - Pantone Blue Surf + Carregador,,"1.854,20",4.9698,2026-10-06
2026-10-07 09:38,Estojo Protetora Apple Magsafe para iPhone 17 Pro Max MGFR4ZM/A - Preto,Nissei,Oukitel C68 Plus Dual 256 GB - Dourado,,"787,40",4.9698,2026-10-06
2026-10-07 09:38,Estojo Protetora Apple Magsafe para iPhone 17 Pro Max MGFR4ZM/A - Preto,Nissei,Oukitel C68 Plus Dual 256 GB - Azul,,"787,40",4.9698,2026-10-06
2026-10-07 09:38,Estojo Protetora Apple Magsafe para iPhone 17 Pro Max MGFR4ZM/A - Preto,Nissei,Xiaomi Poco F9 Pro 5G Dual 256 GB - Aurora Green,,"3.296,92",4.9698,2026-10-06
2026-10-07 09:38,Estojo Protetora Apple Magsafe para iPhone 17 Pro Max MGFR4ZM/A - Preto,Nissei,Cel Xiaomi Poco F9 Pro Dual 512GB/12GB Ram 5G Blue,,"3.662,68",4.9698,2026-10-06
2026-10-07 09:38,Estojo Protetora Apple Magsafe para iPhone 17 Pro Max MGFR4ZM/A - Preto,Nissei,Oukitel C68 Plus Dual 256 GB - Gray,,"787,40",4.9698,2026-10-06
2026-10-07 09:38,Estojo Protetora Apple Magsafe para iPhone 17 Pro Max MGFR4ZM/A - Preto,Nissei,Oukitel C68 Plus Dual 256 GB - Roxo,,"787,40",4.9698,2026-10-06
2026-10-07 09:38,Estojo Protetora Apple Magsafe para iPhone 17 Pro Max MGFR4ZM/A - Preto,Nissei,Motorola Moto G35 XT2433-2 5G Dual 256 GB - Midnight Black + Carregador,,"802,64",4.9698,2026-10-06
2026-10-07 09:38,Estojo Protetora Apple Magsafe para iPhone 17 Pro Max MGFR4ZM/A - Preto,Nissei,Xiaomi Redmi Note 17 4G Dual 128 GB 4 GB Ram - Preto,,"960,12",4.9698,2026-10-06
2026-10-07 09:38,Estojo Protetora Apple Magsafe para iPhone 17 Pro Max MGFR4ZM/A - Preto,Nissei,Motorola Edge 70 Fusion XT2605-2 5G Dual 256 GB - Pantone Blue Surf + Carregador,,"1.854,20",4.9698,2026-10-06
2026-10-08 13:57,Celular Apple iPhone 17 Pro Max 256GB,Nissei,Apple iPhone 17 Pro Max A3526 Dual 256 GB MFYN4BE/A - Cosmic Orange,,"6.795,15",4.9935,2026-10-07
2026-10-08 13:57,Celular Apple iPhone 17 Pro Max 256GB,Nissei,Apple iPhone 17 Pro Max A3526 Dual 256 GB MFYP4BE/A - Deep Blue,,"6.795,15",4.9935,2026-10-07
2026-10-08 13:57,Celular Apple iPhone 17 Pro Max 256GB,One Click,Apple iPhone 17 Pro Max 256GB A3257 LL Tela Super Retina XDR 6.9 / Cam Tripla 48+48+48MP/18MP Center Stage / Ios 26 - Deep Blue,,"6.204,71",4.9935,2026-10-07
2026-10-08 13:57,Celular Apple iPhone 17 Pro Max 256GB,Mega Eletrônicos,"Apple iPhone 17 Pro Max A3257 Esim 256GB/12GB Ram de 6.9"" 48+48+48MP/18MP - Silver",,"6.235,25",4.9935,2026-10-07
2026-10-08 13:57,Celular Apple iPhone 17 Pro Max 256GB,Cellshop,Apple iPhone 17 Pro Max 256GB Cosmic Orange MFXH4LL (Esim) *Caixa Feia,,"6.311,60",4.9935,2026-10-07
2026-10-08 13:57,Celular Apple iPhone 17 Pro Max 256GB,Cellshop,Apple iPhone 17 Pro Max 256GB Cosmic Orange MFXH4LL (Esim),,"6.311,60",4.9935,2026-10-07
2026-10-08 13:57,Celular Apple iPhone 17 Pro Max 256GB,Mobile Zone,"Apple iPhone 17 Pro Max Be/A3526 256GB 6.9"" 48+48+48MP/18MP Ios - Azul Profundo",,"6.311,60",4.9935,2026-10-07
2026-10-08 13:57,Celular Apple iPhone 17 Pro Max 256GB,Star Games,iPhone 17 Pro Max 256GB Silver A3257,,"6.372,68",4.9935,2026-10-07
2026-10-08 13:57,Celular Apple iPhone 17 Pro Max 256GB,Star Games,iPhone 17 Pro Max 256GB A3257 White,,"6.235,25",4.9935,2026-10-07
2026-10-08 13:57,Celular Apple iPhone 17 Pro Max 256GB,Star Games,iPhone 17 Pro Max 256GB Orange A3257,,"6.372,68",4.9935,2026-10-07
2026-10-08 13:57,Celular Apple iPhone 17 Pro Max 256GB,Star Games,iPhone 17 Pro Max 256GB Orange A3525 4J/A,,"6.372,68",4.9935,2026-10-07
2026-10-08 13:57,Celular Apple iPhone 17 Pro Max 256GB,Star Games,iPhone 17 Pro Max 256GB Blue A3257,,"6.372,68",4.9935,2026-10-07
2026-10-08 13:57,Celular Apple iPhone 17 Pro Max 256GB,Shopping China,Celular Apple iPhone 17 Pro Max A3257 MFXG4LL/A 256GB Silver,,"6.489,75",4.9935,2026-10-07
2026-10-08 13:57,Celular Apple iPhone 17 Pro Max 256GB,Shopping China,Celular Apple iPhone 17 Pro Max A3257 MFXH4LL/A 256GB Cosmic Orange,,"6.464,30",4.9935,2026-10-07
2026-10-08 13:57,Celular Apple iPhone 17 Pro Max 256GB,Shopping China,Celular Apple iPhone 17 Pro Max 256GB Silver JP,,"6.387,95",4.9935,2026-10-07
2026-10-08 13:57,Celular Apple iPhone 17 Pro Max 256GB,Shopping China,Celular Apple 17 Pro Max 256GB MFYP4BE/A Model A3526,,"6.489,75",4.9935,2026-10-07
2026-10-08 13:57,Celular Apple iPhone 17 Pro Max 256GB,Shopping China,Celular Apple iPhone 17 Pro Max 256GB Cosmic Orange JP,,"6.489,75",4.9935,2026-10-07
2026-10-08 13:57,Celular Apple iPhone 17 Pro Max 256GB,Shopping China,Celular Apple iPhone 17 Pro Max A3257 MFXJ4LL/A 256GB Deep Blue,,"6.387,95",4.9935,2026-10-07
2026-10-08 13:57,Celular Apple iPhone 17 Pro Max 256GB,Shopping China,Celular Apple iPhone 17 Pro Max 256GB Deep Blue JP,,"6.566,10",4.9935,2026-10-07
2026-10-08 13:57,Celular Apple iPhone 17 Pro Max 256GB,Shopping China,Celular Apple iPhone 17 Pro Max 256GB Cosmic Orange,,"6.617,00",4.9935,2026-10-07
2026-10-08 13:57,Celular Apple iPhone 17 Pro Max 256GB,Mundo do Celular,iPhone 17 Pro Max 256GB Orange,,"6.311,60",4.9935,2026-10-07
2026-10-08 13:57,Celular Apple iPhone 17 Pro Max 256GB,Mundo do Celular,iPhone 17 Pro Max 256GB Deep Blue Mfyaj/A,,"6.260,70",4.9935,2026-10-07
2026-10-08 13:57,Celular Apple iPhone 17 Pro Max 256GB,Mundo do Celular,iPhone 17 Pro Max 256GB Branco,,"6.209,80",4.9935,2026-10-07
2026-10-08 13:57,Celular Apple iPhone 17 Pro Max 256GB,Mundo do Celular,iPhone 17 Pro Max 256GB Deep Blue,,"6.209,80",4.9935,2026-10-07
2026-10-08 13:57,Celular Apple iPhone 17 Pro Max 256GB,Mundo do Celular,iPhone 17 Pro Max 256GB Silver A3526 Anatel e-Sim+Sim,,"7.227,80",4.9935,2026-10-07
2026-10-08 13:57,Celular Apple iPhone 17 Pro Max 256GB,Mario Cell,Celular iPhone 17 Pro Max - 256GB - Blue,,"6.362,50",4.9935,2026-10-07
2026-10-08 13:57,Celular Apple iPhone 17 Pro Max 256GB,Mario Cell,Celular iPhone 17 Pro Max - 256GB - Silver,,"6.235,25",4.9935,2026-10-07
2026-10-08 13:57,Celular Apple iPhone 17 Pro Max 256GB,Mario Cell,Celular iPhone 17 Pro Max - 256GB - Orange,,"6.362,50",4.9935,2026-10-07
2026-10-08 13:57,Celular Apple iPhone 17 Pro Max 256GB,Mario Cell,Celular Appel iPhone 17 Pro Max - 256GB - Canadá - Laranja,,"6.428,67",4.9935,2026-10-07
2026-10-08 13:57,Celular Apple iPhone 17 Pro Max 256GB,MultiPass,Celular Apple iPhone 17 Pro Max 256GB Silver LL Lacrado Esim,,"6.372,68",4.9935,2026-10-07
2026-10-08 13:57,Celular Apple iPhone 17 Pro Max 256GB,MultiPass,Celular Apple iPhone 17 Pro Max 256GB Deep Blue LL Lacrado Esim,,"6.372,68",4.9935,2026-10-07
2026-10-08 13:57,Celular Apple iPhone 17 Pro Max 256GB,MultiPass,Celular Apple iPhone 17 Pro Max 256GB Cosmic Orange LL Lacrado Esim,,"6.372,68",4.9935,2026-10-07
2026-10-08 13:57,Celular Apple iPhone 17 Pro Max 256GB,Dr Cell Atacado,Celular iPhone 17 Pro Max 256GB White,,"6.209,80",4.9935,2026-10-07
2026-10-08 13:57,Celular Apple iPhone 17 Pro Max 256GB,Dr Cell Atacado,Celular iPhone 17 Pro Max 256GB Orange,,"6.204,71",4.9935,2026-10-07
2026-10-08 13:57,Celular Apple iPhone 17 Pro Max 256GB,Dr Cell Atacado,Cel iPhone 17 Pro Max 256GB Blue,,"6.204,71",4.9935,2026-10-07
2026-10-08 13:57,Celular Apple iPhone 17 Pro Max 256GB,Matrix Importados,Apple iPhone 17 Pro Max 256GB Esim LL - Deep Blue,,"6.235,25",4.9935,2026-10-07
2026-10-08 13:57,Celular Apple iPhone 17 Pro Max 256GB,Matrix Importados,Apple iPhone 17 Pro Max 256GB Esim LL - Silver,,"6.235,25",4.9935,2026-10-07
2026-10-08 13:57,Celular Apple iPhone 17 Pro Max 256GB,Matrix Importados,Apple iPhone 17 Pro Max 256GB Esim LL - Cosmic Orange,,"6.235,25",4.9935,2026-10-07
2026-10-08 13:57,Celular Apple iPhone 17 Pro Max 256GB,Matrix Importados,Apple iPhone 17 Pro Max 256GB Orange Anatel,,"6.591,55",4.9935,2026-10-07
2026-10-08 13:57,Celular Apple iPhone 17 Pro Max 256GB,Visãovip,Apple iPhone 17 Pro Max MFXG4LL/A A3257 256GB / Esim - Silver,,"6.337,05",4.9935,2026-10-07
2026-10-08 13:57,Celular Apple iPhone 17 Pro Max 256GB,Visãovip,Apple iPhone 17 Pro Max MFXH4LL/A A3257 256GB / Esim - Cosmic Orange,,"6.260,70",4.9935,2026-10-07
2026-10-08 13:57,Celular Apple iPhone 17 Pro Max 256GB,Intershop Importados,Apple iPhone 17 Pro Max 256GB Orange A3257 Esim,,"6.209,80",4.9935,2026-10-07
2026-10-08 13:57,Celular Apple iPhone 17 Pro Max 256GB,Flytec Computers,Apple iPhone 17 Pro Max A3257 256GB Dual Esim Deep Blue,,"6.235,25",4.9935,2026-10-07
2026-10-08 13:57,Celular Apple iPhone 17 Pro Max 256GB,Flytec Computers,Apple iPhone 17 Pro Max A3257 256GB Dual Esim Cosmic Orange,,"6.235,25",4.9935,2026-10-07
2026-10-08 13:57,Celular Apple iPhone 17 Pro Max 256GB,Flytec Computers,Apple iPhone 17 Pro Max A3257 256GB Dual Esim Silver,,"6.337,05",4.9935,2026-10-07
2026-10-08 13:57,Celular Apple iPhone 17 Pro Max 256GB,Madrid Center,"Celular Apple iPhone 17 Pro Max A3257LL - 12/256GB - 6.9"" - e-Sim - NFC - Deep Blue",,"6.260,70",4.9935,2026-10-07
2026-10-08 13:57,Celular Apple iPhone 17 Pro Max 256GB,Madrid Center,"Celular Apple iPhone 17 Pro Max A3257LL - 12/256GB - 6.9"" - e-Sim - NFC - Cosmic Orange",,"6.260,70",4.9935,2026-10-07
2026-10-08 13:57,Celular Apple iPhone 17 Pro Max 256GB,Star Company,iPhone 17 Pro Max 256GB Americano Blue,,"6.372,68",4.9935,2026-10-07
2026-10-08 13:57,Celular Apple iPhone 17 Pro Max 256GB,Star Company,iPhone 17 Pro Max 256GB Americano Orange,,"6.372,68",4.9935,2026-10-07
2026-10-08 13:57,Celular Apple iPhone 17 Pro Max 256GB,Star Company,iPhone 17 Pro Max 256GB Americano Silver,,"6.372,68",4.9935,2026-10-07
2026-10-08 13:57,Celular Apple iPhone 17 Pro Max 256GB,Topdek Informática,Apple iPhone 17 Pro Max 256GB MFXG4LL/A Silver Ame,,"6.438,85",4.9935,2026-10-07
2026-10-08 13:57,Celular Apple iPhone 17 Pro Max 256GB,Topdek Informática,Apple iPhone 17 Pro Max 256GB MFXJ4LL/A Blue Deep Blue A3257,,"6.438,85",4.9935,2026-10-07
2026-10-08 13:57,Celular Apple iPhone 17 Pro Max 256GB,Topdek Informática,Apple iPhone 17 Pro Max 256GB MFXH4LL/A Orange A3257,,"6.464,30",4.9935,2026-10-07
2026-10-08 13:57,Celular Apple iPhone 17 Pro Max 256GB,Alborada,Apple iPhone 17 Pro Max 256GB Laranja Esim A3257-LL,,"6.769,70",4.9935,2026-10-07
2026-10-08 13:57,Celular Apple iPhone 17 Pro Max 256GB,WB Shop,Celular iPhone 17 Pro Max 256GB MFXH4LL/A Laranja,,"6.866,41",4.9935,2026-10-07
2026-10-08 13:57,Celular Apple iPhone 17 Pro Max 256GB,Alborada,iPhone 17 Pro Max 256GB Laranja Chip A3526-Anatel,,"6.311,60",4.9935,2026-10-07
2026-10-08 13:57,Celular Apple iPhone 17 Pro Max 256GB,Alborada,Apple iPhone 17 Pro Max 256GB Azul Esim A3257-LL,,"6.769,70",4.9935,2026-10-07
2026-10-08 13:57,Celular Apple iPhone 17 Pro Max 256GB,Alborada,Apple iPhone 17 Pro Max 256GB Prata Esim A3257-LL,,"6.769,70",4.9935,2026-10-07
2026-10-08 13:57,Celular Apple iPhone 17 Pro Max 256GB,Atacado Connect,"Apple iPhone 17 Pro Max A3525 4J 256GB Esim Tela 6.9"" - Prata",,"6.555,92",4.9935,2026-10-07
2026-10-08 13:57,Celular Apple iPhone 17 Pro Max 256GB,Atacado Connect,"Apple iPhone 17 Pro Max A3257 LL 256GB Esim Tela 6.9"" - Laranja Cósmico",,"6.515,20",4.9935,2026-10-07
2026-10-08 13:57,Celular Apple iPhone 17 Pro Max 256GB,Atacado Connect,"Apple iPhone 17 Pro Max A3525 4J 256GB Esim Tela 6.9"" - Laranja Cósmico",,"6.540,65",4.9935,2026-10-07
2026-10-08 13:57,Celular Apple iPhone 17 Pro Max 256GB,Atacado Connect,"Apple iPhone 17 Pro Max A3525 AA 256GB Esim Tela 6.9"" - Laranja Cósmico",,"6.387,95",4.9935,2026-10-07
2026-10-08 13:57,Celular Apple iPhone 17 Pro Max 256GB,Atacado Connect,"Apple iPhone 17 Pro Max A3525 4J 256GB Esim Tela 6.9"" - Azul Intenso",,"6.540,65",4.9935,2026-10-07
2026-10-08 13:57,Celular Apple iPhone 17 Pro Max 256GB,Atacado Connect,"Apple iPhone 17 Pro Max A3257 LL 256GB Esim Tela 6.9"" - Laranja Cósmico",,"6.235,25",4.9935,2026-10-07
2026-10-08 13:57,Celular Apple iPhone 17 Pro Max 256GB,Atacado Connect,"Apple iPhone 17 Pro Max A3525 Ah 256GB Esim Tela 6.9"" - Azul Intenso",,"6.540,65",4.9935,2026-10-07
2026-10-08 13:57,Celular Apple iPhone 17 Pro Max 256GB,Atacado Connect,"Apple iPhone 17 Pro Max A3257 LL 256GB 12GB Ram Esim Tela 6.9"" - Azul",,"6.387,95",4.9935,2026-10-07
2026-10-08 13:57,Celular Apple iPhone 17 Pro Max 256GB,LG Importados,Cel Apple New iPhone 17 Pro Max 256GB A-3525 Cosmic Orange 4J/A Esim,,"6.260,70",4.9935,2026-10-07
2026-10-08 13:57,Celular Apple iPhone 17 Pro Max 256GB,LG Importados,Cel Apple New iPhone 17 Pro Max 256GB A-3257 Deep Blue LL Esim,,"6.260,70",4.9935,2026-10-07
2026-10-08 13:57,Celular Apple iPhone 17 Pro Max 256GB,LG Importados,Cel Apple New iPhone 17 Pro Max 256GB A-3257 Cosmic Orange LL,,"6.260,70",4.9935,2026-10-07
2026-10-08 13:57,Celular Apple iPhone 17 Pro Max 256GB,Best Shop Paraguai,iPhone 17 Pro Max 256GB A3257 LL/A Esim Cosmic Orange,,"6.372,68",4.9935,2026-10-07
2026-10-08 13:57,Celular Apple iPhone 17 Pro Max 256GB,Mini Carlos,Cel iPhone 17 Pro Max 256GB Silver Americano,,"6.209,80",4.9935,2026-10-07
2026-10-08 13:57,Celular Apple iPhone 17 Pro Max 256GB,Best Shop Paraguai,iPhone 17 Pro Max 256GB A3525 Ah/A Esim Cosmic Orange,,"6.209,80",4.9935,2026-10-07
2026-10-08 13:57,Celular Apple iPhone 17 Pro Max 256GB,Best Shop Paraguai,iPhone 17 Pro Max 256GB A3525 VC/A Esim Deep Blue,,"6.209,80",4.9935,2026-10-07
2026-10-08 13:57,Celular Apple iPhone 17 Pro Max 256GB,Best Shop Paraguai,iPhone 17 Pro Max 256GB A3257 LL/A Esim Deep Blue,,"6.372,68",4.9935,2026-10-07
2026-10-08 13:57,Celular Apple iPhone 17 Pro Max 256GB,Best Shop Paraguai,iPhone 17 Pro Max 256GB A3257 LL/A Esim Silver,,"6.372,68",4.9935,2026-10-07
2026-10-08 13:57,Celular Apple iPhone 17 Pro Max 256GB,Best Shop Paraguai,iPhone 17 Pro Max 256GB A3525 Ah/A Esim Deep Blue,,"6.209,80",4.9935,2026-10-07
2026-10-08 13:57,Celular Apple iPhone 17 Pro Max 256GB,Super Games,"Celualr Apple iPhone 17 Pro Max A3525 4J 256GB 12GB Ram Esim Tela 6.9"" 48MP - Azul",,"6.209,80",4.9935,2026-10-07
2026-10-08 13:57,Celular Apple iPhone 17 Pro Max 256GB,Mini Carlos,Cel iPhone 17 Pro Max 256GB Azul Americano,,"6.209,80",4.9935,2026-10-07
2026-10-08 13:57,Celular Apple iPhone 17 Pro Max 256GB,Best Shop Paraguai,iPhone 17 Pro Max 256GB A3525 4J/A Esim Cosmic Orange,,"6.209,80",4.9935,2026-10-07
2026-10-08 13:57,Celular Apple iPhone 17 Pro Max 256GB,Mini Carlos,Cel iPhone 17 Pro Max 256GB Orange Americano,,"6.235,25",4.9935,2026-10-07
2026-10-08 13:57,Celular Apple iPhone 17 Pro Max 256GB,Best Shop Paraguai,iPhone 17 Pro Max 256GB A3526 Be/A Cosmic Orange Sim Fisico + Esim,,"6.617,00",4.9935,2026-10-07
2026-10-08 13:57,Celular Apple iPhone 17 Pro Max 256GB,Super Games,"Celular Apple iPhone 17 Pro Max A3257 LL 256GB 12GB Ram Esim Tela 6.9"" 48MP - Deep Blue",,"6.260,70",4.9935,2026-10-07
2026-10-08 13:57,Celular Apple iPhone 17 Pro Max 256GB,Super Games,"Celular Apple iPhone 17 Pro Max A3526 Be 256GB 12GB Ram Tela 6.9"" 48MP - Laranja",,"6.611,91",4.9935,2026-10-07
2026-10-08 13:57,Celular Apple iPhone 17 Pro Max 256GB,Digital Center,Apple iPhone 17 Pro Max 256GB Blue,,"6.235,25",4.9935,2026-10-07
2026-10-08 13:57,Celular Apple iPhone 17 Pro Max 256GB,Super Games,"Celular Apple iPhone 17 Pro Max A3257 LL 256GB 12GB Ram Tela 6.9""- Laranja Cósmico (Esim )",,"6.209,80",4.9935,2026-10-07
2026-10-08 13:57,Celular Apple iPhone 17 Pro Max 256GB,Best Shop Paraguai,iPhone 17 Pro Max 256GB A3525 VC/A Esim Cosmic Orange,,"6.209,80",4.9935,2026-10-07
2026-10-08 13:57,Celular Apple iPhone 17 Pro Max 256GB,Super Games,"Celular Apple iPhone 17 Pro Max A3526 Be 256GB 12GB Ram Tela 6.9"" 48MP - Azul",,"6.611,91",4.9935,2026-10-07
2026-10-08 13:57,Celular Apple iPhone 17 Pro Max 256GB,Casa Americana,"Apple iPhone 17 Pro Max A3257 69"" Esim 256GB 12GB Deep Blue",,"6.514,74",4.9935,2026-10-07
2026-10-08 13:57,Celular Apple iPhone 17 Pro Max 256GB,Casa Americana,"Apple iPhone 17 Pro Max A3257 Esim 6.9"" 256GB 12GB Prata",,"6.311,40",4.9935,2026-10-07
2026-10-08 13:57,Celular Apple iPhone 17 Pro Max 256GB,Casa Americana,iPhone 17 Pro Max A3257 Esim 12+256GB Laranja Cósmica,,"6.514,74",4.9935,2026-10-07
2026-10-08 13:57,Celular Apple iPhone 17 Pro Max 256GB,Apex Company,Apple iPhone 17 Pro Max 256 GB - Orange,,"6.372,68",4.9935,2026-10-07
2026-10-08 13:57,Celular Apple iPhone 17 Pro Max 256GB,Xcell,Apple iPhone 17 Pro Max 256GB JP - Silver,,"6.372,68",4.9935,2026-10-07
2026-10-08 13:57,Celular Apple iPhone 17 Pro Max 256GB,Swap Store,iPhone 17 Pro Max 256GB Silver LL/A (Americano),,"6.566,10",4.9935,2026-10-07
2026-10-08 13:57,Celular Apple iPhone 17 Pro Max 256GB,Twin Shop,Apple iPhone 17 Pro Max 256GB - Deep Blue MFXJ4LL (Esim),,"6.372,68",4.9935,2026-10-07
2026-10-08 13:57,Celular Apple iPhone 17 Pro Max 256GB,Cell World,Cel iPhone 17 Pro Max 512GB Silver New Usa,,"8.194,90",4.9935,2026-10-07
2026-10-08 13:57,Celular Apple iPhone 17 Pro Max 256GB,Twin Shop,Apple iPhone 17 Pro Max 256GB - Orange MFXH4LL (Esim),,"6.372,68",4.9935,2026-10-07
2026-10-08 13:57,Celular Apple iPhone 17 Pro Max 256GB,Tellecon Cell,Apple iPhone 17 Pro Max 256GB Silver 4J e-Sim,,"6.235,25",4.9935,2026-10-07
2026-10-08 13:57,Celular Apple iPhone 17 Pro Max 256GB,Xcell,Apple iPhone 17 Pro Max 256GB JP - Orange,,"6.372,68",4.9935,2026-10-07
2026-10-08 13:57,Celular Apple iPhone 17 Pro Max 256GB,Empire Shop,iPhone 17 Pro Max 256GB Comic Orange,,"6.718,80",4.9935,2026-10-07
2026-10-08 13:57,Celular Apple iPhone 17 Pro Max 256GB,Apex Company,Apple iPhone 17 Pro Max 256 GB - Blue,,"6.372,68",4.9935,2026-10-07
2026-10-08 13:57,Celular Apple iPhone 17 Pro Max 256GB,Twin Shop,Apple iPhone 17 Pro Max 256GB - Deep Blue MFYP4BE (Nano - Esim) Anatel,,"6.372,68",4.9935,2026-10-07
2026-10-08 13:57,Celular Apple iPhone 17 Pro Max 256GB,Twin Shop,Apple iPhone 17 Pro Max 256GB - Silver MFYM4BE (Nano - Esim) Anatel,,"6.372,68",4.9935,2026-10-07
2026-10-08 13:57,Celular Apple iPhone 17 Pro Max 256GB,Avanza,Apple iPhone 17 Pro Max 256GB MFYP4BE/A Deep Blue Anatel A3526,,"6.972,79",4.9935,2026-10-07
2026-10-08 13:57,Celular Apple iPhone 17 Pro Max 256GB,Ushuaia Center,Apple iPhone 17 Pro Max A3257 Dual 256 GB - Deep Blue,,"6.769,70",4.9935,2026-10-07
2026-10-08 13:57,Celular Apple iPhone 17 Pro Max 256GB,Toku Importados,Apple iPhone 17 Pro Max A3257 256GB Cosmic Orange,,"6.082,55",4.9935,2026-10-07
2026-10-08 13:57,Celular Apple iPhone 17 Pro Max 256GB,Apex Company,Apple iPhone 17 Pro Max 256 GB - Silver,,"6.372,68",4.9935,2026-10-07
2026-10-08 13:57,Celular Apple iPhone 17 Pro Max 256GB,Xcell,Apple iPhone 17 Pro Max 256GB A3257 LL/A Esim - Silver,,"6.372,68",4.9935,2026-10-07
2026-10-08 13:57,Celular Apple iPhone 17 Pro Max 256GB,Swap Store,iPhone 17 Pro Max 256GB Deep Blue J/A (Japonês),,"6.337,05",4.9935,2026-10-07
2026-10-08 13:57,Celular Apple iPhone 17 Pro Max 256GB,Vertex,Celular Apple iPhone 17 Pro Max 256GB Orange,,"6.566,10",4.9935,2026-10-07
2026-10-08 13:57,Celular Apple iPhone 17 Pro Max 256GB,Cell World,Cel iPhone 17 Pro Max 256GB Silver New Usa,,"6.566,10",4.9935,2026-10-07
2026-10-08 13:57,Celular Apple iPhone 17 Pro Max 256GB,Swap Store,iPhone 17 Pro Max 256GB Cosmic Orange LL/A (Americano),,"6.566,10",4.9935,2026-10-07
2026-10-08 13:57,Celular Apple iPhone 17 Pro Max 256GB,Swap Store,iPhone 17 Pro Max 256GB Silver J/A (Japonês),,"6.387,95",4.9935,2026-10-07
2026-10-08 13:57,Celular Apple iPhone 17 Pro Max 256GB,Vertex,Celular Apple iPhone 17 Pro Max 256GB Blue,,"6.566,10",4.9935,2026-10-07
2026-10-08 13:57,Celular Apple iPhone 17 Pro Max 256GB,Twin Shop,Apple iPhone 17 Pro Max 256GB - Silver MFXG4LL (Esim),,"6.372,68",4.9935,2026-10-07
2026-10-08 13:57,Celular Apple iPhone 17 Pro Max 256GB,Mestre,Apple iPhone 17 Pro Max 256GB Americano (Esim) - Blue,,"6.204,71",4.9935,2026-10-07
2026-10-08 13:57,Celular Apple iPhone 17 Pro Max 256GB,Mestre,Apple iPhone 17 Pro Max 256GB Americano (Esim) - Orange,,"6.204,71",4.9935,2026-10-07
2026-10-08 13:57,Celular Apple iPhone 17 Pro Max 256GB,Orbe Import,iPhone 17 Pro Max Esim 256GB Cosmic Orange LL,,"6.209,80",4.9935,2026-10-07
2026-10-08 13:57,Celular Apple iPhone 17 Pro Max 256GB,Avanza,Apple iPhone 17 Pro Max 256GB MFYN4BE/A Cosmic Orange Anatel A3526,,"6.972,79",4.9935,2026-10-07
2026-10-08 13:57,Celular Apple iPhone 17 Pro Max 256GB,Swap Store,iPhone 17 Pro Max 256GB Cosmic Orange J/A (Japonês),,"6.337,05",4.9935,2026-10-07
2026-10-08 13:57,Celular Apple iPhone 17 Pro Max 256GB,Orbe Import,iPhone 17 Pro Max Esim 256GB Silver LL,,"6.235,25",4.9935,2026-10-07
2026-10-08 13:57,Celular Apple iPhone 17 Pro Max 256GB,Xcell,Apple iPhone 17 Pro Max 256GB A3257 LL/A Esim - Deep Blue,,"6.372,68",4.9935,2026-10-07
2026-10-08 13:57,Celular Apple iPhone 17 Pro Max 256GB,Swap Store,iPhone 17 Pro Max 256GB Deep Blue LL/A (Americano),,"6.566,10",4.9935,2026-10-07
2026-10-08 13:57,Celular Apple iPhone 17 Pro Max 256GB,Empire Shop,iPhone 17 Pro Max 256GB Deep Blue,,"7.380,50",4.9935,2026-10-07
2026-10-08 13:57,Celular Apple iPhone 17 Pro Max 256GB,Toku Importados,Apple iPhone 17 Pro Max A3257 256GB Silver,,"6.082,55",4.9935,2026-10-07
2026-10-08 13:57,Celular Apple iPhone 17 Pro Max 256GB,Xcell,Apple iPhone 17 Pro Max 256GB JP - Blue,,"6.372,68",4.9935,2026-10-07
2026-10-08 13:57,Celular Apple iPhone 17 Pro Max 256GB,Twin Shop,Apple iPhone 17 Pro Max 256GB - Cosmic Orange MFY94AH (Esim),,"6.372,68",4.9935,2026-10-07
2026-10-08 13:57,Celular Apple iPhone 17 Pro Max 256GB,Orbe Import,iPhone 17 Pro Max Esim 256GB Deep Blue LL,,"6.209,80",4.9935,2026-10-07
2026-10-08 13:57,Celular Apple iPhone 17 Pro Max 256GB,Cell World,Cel iPhone 17 Pro Max 256GB Blue New Usa,,"6.387,95",4.9935,2026-10-07
2026-10-08 13:57,Celular Apple iPhone 17 Pro Max 256GB,Eshop Cell,iPhone 17 Pro Max 256GB US Blue,,"6.260,70",4.9935,2026-10-07
2026-10-08 13:57,Celular Apple iPhone 17 Pro Max 256GB,Cell World,Cel iPhone 17 Pro Max 512GB Blue New Usa,,"8.373,00",4.9935,2026-10-07
2026-10-08 13:57,Celular Apple iPhone 17 Pro Max 256GB,Prime Shop,Celular Apple iPhone 17 Pro Max 256GB/12GB Ram de 6.9″ 48+48+48MP/18MP – Orange,,"6.204,71",4.9935,2026-10-07
2026-10-08 13:57,Celular Apple iPhone 17 Pro Max 256GB,Vertex,Celular Apple iPhone 17 Pro Max 256GB White,,"6.566,10",4.9935,2026-10-07
2026-10-08 13:57,Celular Apple iPhone 17 Pro Max 256GB,Mestre,Apple iPhone 17 Pro Max 256GB Americano (Esim) - Silver,,"6.362,50",4.9935,2026-10-07
2026-10-08 13:57,Celular Apple iPhone 17 Pro Max 256GB,Xcell,Apple iPhone 17 Pro Max 256GB A3257 LL/A Esim - Orange,,"6.372,68",4.9935,2026-10-07
2026-10-08 13:57,Celular Apple iPhone 17 Pro Max 256GB,Twin Shop,Apple iPhone 17 Pro Max 256GB - Cosmic Orange MFYN4BE (Nano - Esim) Anatel,,"6.372,68",4.9935,2026-10-07
2026-10-08 13:57,Celular Apple iPhone 17 Pro Max 256GB,Prime Shop,Celular Apple iPhone 17 Pro Max 256GB/12GB Ram de 6.9″ 48+48+48MP/18MP – Silver,,"6.204,71",4.9935,2026-10-07
2026-10-08 13:57,Celular Apple iPhone 17 Pro Max 256GB,Toku Importados,Apple iPhone 17 Pro Max A3257 256GB Deep Blue,,"6.031,65",4.9935,2026-10-07
2026-10-08 13:57,Celular Apple iPhone 17 Pro Max 256GB,Prime Shop,Celular Apple iPhone 17 Pro Max 256GB/12GB Ram de 6.9″ 48+48+48MP/18MP – Deep Blue,,"6.204,71",4.9935,2026-10-07
2026-10-08 13:57,Celular Apple iPhone 17 Pro Max 256GB,Roma Shopping,Apple iPhone 17 Pro Max 256GB MFXJ4LL/A Deep Blue,,"6.438,85",4.9935,2026-10-07
2026-10-08 13:57,Celular Apple iPhone 17 Pro Max 256GB,Roma Shopping,Apple iPhone 17 Pro Max 256GB MFXH4LL/A Cosmic Orange,,"6.438,85",4.9935,2026-10-07
2026-10-08 13:57,Celular Apple iPhone 17 Pro Max 256GB,Roma Shopping,Apple iPhone 17 Pro Max 256GB MFXG4LL/A Silver,,"6.438,85",4.9935,2026-10-07
2026-10-08 13:57,Celular Apple iPhone 17 Pro Max 256GB,Roma Shopping,Apple iPhone 17 Pro Max 256GB MFYP4BE/A Deep Blue,,"6.642,45",4.9935,2026-10-07
2026-10-08 13:57,Celular Apple iPhone 17 Pro Max 256GB,Roma Shopping,Apple iPhone 17 Pro Max 256GB MFYN4BE/A Cosmic Orange,,"6.642,45",4.9935,2026-10-07
2026-10-08 13:57,Celular Apple iPhone 17 Pro Max 256GB,Empire Shop,iPhone 17 Pro Max 256GB Silver JP,,"7.380,50",4.9935,2026-10-07
2026-10-08 13:57,Celular Apple iPhone 17 Pro Max 256GB,?,Fone de Ouvido Apple EarPods USB-C,,A partir de,4.9935,2026-10-07
2026-10-08 13:57,Celular Apple iPhone 17 Pro Max 256GB,?,Fone de Ouvido Apple EarPods Lightning,,A partir de,4.9935,2026-10-07
2026-10-08 13:57,Celular Apple iPhone 17 Pro Max 256GB,?,Fone de Ouvido Apple AirPods Pro 3 Bluetooth,,A partir de,4.9935,2026-10-07
2026-10-08 13:57,Celular Apple iPhone 17 Pro Max 256GB,?,Fone de Ouvido Apple AirPods Max 2 Bluetooth,,A partir de,4.9935,2026-10-07
2026-10-08 13:57,Celular Apple iPhone 17 Pro Max 256GB,?,Fone de Ouvido Apple AirPods 5 Bluetooth,,A partir de,4.9935,2026-10-07
2026-10-08 13:57,Celular Apple iPhone 17 Pro Max 512GB,Nissei,Apple iPhone 17 Pro Max A3257 Dual 512 GB - Silver,,"7.889,50",4.9935,2026-10-07
2026-10-08 13:57,Celular Apple iPhone 17 Pro Max 512GB,Nissei,Apple iPhone 17 Pro Max A3257 Dual 512 GB - Cosmic Orange,,"7.889,50",4.9935,2026-10-07
2026-10-08 13:57,Celular Apple iPhone 17 Pro Max 512GB,Cellshop,Apple iPhone 17 Pro Max 512GB Silver MFYQ4BE (Nano Sim-Esim),,"8.245,80",4.9935,2026-10-07
2026-10-08 13:57,Celular Apple iPhone 17 Pro Max 512GB,Cellshop,Apple iPhone 17 Pro Max 512GB Cosmic Orange MFYT4BE (Nano Sim-Esim) Anatel Garantia Brasil,,"7.736,80",4.9935,2026-10-07
2026-10-08 13:57,Celular Apple iPhone 17 Pro Max 512GB,Star Games,iPhone 17 Pro Max 512GB Silver A3257,,"7.914,95",4.9935,2026-10-07
2026-10-08 13:57,Celular Apple iPhone 17 Pro Max 512GB,Star Games,iPhone 17 Pro Max 512GB Orange A3257,,"7.762,25",4.9935,2026-10-07
2026-10-08 13:57,Celular Apple iPhone 17 Pro Max 512GB,Star Games,iPhone 17 Pro Max 512GB Blue A3257,,"7.813,15",4.9935,2026-10-07
2026-10-08 13:57,Celular Apple iPhone 17 Pro Max 512GB,Shopping China,Celular Apple iPhone 17 Pro Max A3257 MFXL4LL/A 512GB Cosmic Orange,,"8.144,00",4.9935,2026-10-07
2026-10-08 13:57,Celular Apple iPhone 17 Pro Max 512GB,Shopping China,Celular Apple iPhone 17 Pro Max 512GB Silver JP,,"8.144,00",4.9935,2026-10-07
2026-10-08 13:57,Celular Apple iPhone 17 Pro Max 512GB,Shopping China,Celular Apple iPhone 17 Pro Max A3257 MFXM4LL/A 512GB Deep Blue,,"8.194,90",4.9935,2026-10-07
2026-10-08 13:57,Celular Apple iPhone 17 Pro Max 512GB,Shopping China,Celular Apple iPhone 17 Pro Max 512GB Orange,,"7.940,40",4.9935,2026-10-07
2026-10-08 13:57,Celular Apple iPhone 17 Pro Max 512GB,Shopping China,Celular Apple iPhone 17 Pro Max A3525 MFYD4J/A 512GB Cosmic Orange,,"8.144,00",4.9935,2026-10-07
2026-10-08 13:57,Celular Apple iPhone 17 Pro Max 512GB,Shopping China,Celular Apple iPhone 17 Pro Max 512GB Orange Be/A,,"8.271,25",4.9935,2026-10-07
2026-10-08 13:57,Celular Apple iPhone 17 Pro Max 512GB,Shopping China,Celular Apple iPhone 17 Pro Max 512GB Deep Blue JP,,"8.220,35",4.9935,2026-10-07
2026-10-08 13:57,Celular Apple iPhone 17 Pro Max 512GB,Mundo do Celular,iPhone 17 Pro Max 512GB Orange A3526 c/Chip + e- Sim Anatel,,"8.347,60",4.9935,2026-10-07
2026-10-08 13:57,Celular Apple iPhone 17 Pro Max 512GB,Melody,Apple iPhone 17 Pro Max 512GB Jap-Esim Silver,,"7.838,60",4.9935,2026-10-07
2026-10-08 13:57,Celular Apple iPhone 17 Pro Max 512GB,Melody,Apple iPhone 17 Pro Max 512GB Ah -Esim Blue,,"7.736,80",4.9935,2026-10-07
2026-10-08 13:57,Celular Apple iPhone 17 Pro Max 512GB,MultiPass,Celular Apple iPhone 17 Pro Max 512GB Deep Blue LL Lacrado Esim,,"7.726,62",4.9935,2026-10-07
2026-10-08 13:57,Celular Apple iPhone 17 Pro Max 512GB,MultiPass,Celular Apple iPhone 17 Pro Max 512GB Cosmic Orange LL Lacrado Esim,,"7.726,62",4.9935,2026-10-07
2026-10-08 13:57,Celular Apple iPhone 17 Pro Max 512GB,Dr Cell Atacado,Celular iPhone 17 Pro Max 512GB Blue,,"7.889,50",4.9935,2026-10-07
2026-10-08 13:57,Celular Apple iPhone 17 Pro Max 512GB,Madrid Center,"Celular Apple iPhone 17 Pro Max A3257LL - 12/512GB - 6.9"" - e-Sim - NFC - Silver",,"7.889,50",4.9935,2026-10-07
2026-10-08 13:57,Celular Apple iPhone 17 Pro Max 512GB,Star Company,iPhone 17 Pro Max 512GB Americano Blue,,"7.889,50",4.9935,2026-10-07
2026-10-08 13:57,Celular Apple iPhone 17 Pro Max 512GB,Star Company,iPhone 17 Pro Max 512GB Americano Orange,,"7.889,50",4.9935,2026-10-07
2026-10-08 13:57,Celular Apple iPhone 17 Pro Max 512GB,Alborada,Apple iPhone 17 Pro Max 512GB Prata Esim A3257-LL,,"7.940,40",4.9935,2026-10-07
2026-10-08 13:57,Celular Apple iPhone 17 Pro Max 512GB,Alborada,iPhone 17 Pro Max 512GB Laranja Esim A3257-LL,,"7.940,40",4.9935,2026-10-07
2026-10-08 13:57,Celular Apple iPhone 17 Pro Max 512GB,Atacado Connect,"Apple iPhone 17 Pro Max A3525 4J 512GB Esim Tela 6.9"" - Prata",,"7.736,80",4.9935,2026-10-07
2026-10-08 13:57,Celular Apple iPhone 17 Pro Max 512GB,LG Importados,Cel Apple New iPhone 17 Pro Max 512GB A-3525 Silver 4J/A Esim Japan,,"7.736,80",4.9935,2026-10-07
2026-10-08 13:57,Celular Apple iPhone 17 Pro Max 512GB,LG Importados,Cel Apple New iPhone 17 Pro Max 512GB A-3257 Cosmic Orange LL/A Esim,,"7.838,60",4.9935,2026-10-07
2026-10-08 13:57,Celular Apple iPhone 17 Pro Max 512GB,Best Shop Paraguai,iPhone 17 Pro Max 512GB A3525 JP/A Esim Silver,,"7.838,60",4.9935,2026-10-07
2026-10-08 13:57,Celular Apple iPhone 17 Pro Max 512GB,Avanza,Apple iPhone 17 Pro Max 512GB Cosmic Orange Dual Esim A3257,,"8.099,97",4.9935,2026-10-07
2026-10-08 13:57,Celular Apple iPhone 17 Pro Max 512GB,Eshop Cell,iPhone 17 Pro Max 512GB US Orange,,"7.726,62",4.9935,2026-10-07
2026-10-08 13:57,Celular Apple iPhone 17 Pro Max 512GB,Tellecon Cell,Apple iPhone 17 Pro Max 512GB LL/A e-Sim - Cosmic Orange,,"7.940,40",4.9935,2026-10-07
2026-10-08 13:57,Celular Apple iPhone 17 Pro Max 512GB,Prime Shop,Celular Apple iPhone 17 Pro Max A3525 Esim 512GB/12GB Ram de 6.9″ 48+48+48MP/18MP – Silver,,"7.726,62",4.9935,2026-10-07
2026-10-08 13:57,Celular Apple iPhone 17 Pro Max 512GB,Xcell,Apple iPhone 17 Pro Max 512GB A3257 LL/A Esim - Orange,,"7.726,62",4.9935,2026-10-07
2026-10-08 13:57,Celular Apple iPhone 17 Pro Max 512GB,Avanza,Apple iPhone 17 Pro Max 512GB Deep Blue Dual Esim A3257,,"8.099,97",4.9935,2026-10-07
2026-10-08 13:57,Celular Apple iPhone 17 Pro Max 512GB,Twin Shop,Apple iPhone 17 Pro Max 512GB - Blue Mfyube (Nano - Esim) Anatel,,"7.940,40",4.9935,2026-10-07
2026-10-08 13:57,Celular Apple iPhone 17 Pro Max 512GB,Xcell,Apple iPhone 17 Pro Max 512GB A3257 LL/A Esim - Deep Blue,,"7.726,62",4.9935,2026-10-07
2026-10-08 13:57,Celular Apple iPhone 17 Pro Max 512GB,Vertex,Celular Apple iPhone 17 Pro Max 512GB Silver,,"7.991,30",4.9935,2026-10-07
2026-10-08 13:57,Celular Apple iPhone 17 Pro Max 512GB,Mestre,Apple iPhone 17 Pro Max 512GB Americano (Esim) - Blue,,"7.813,15",4.9935,2026-10-07
2026-10-08 13:57,Celular Apple iPhone 17 Pro Max 512GB,Mestre,Apple iPhone 17 Pro Max 512GB Americano (Esim) - Orange,,"7.762,25",4.9935,2026-10-07
2026-10-08 13:57,Celular Apple iPhone 17 Pro Max 512GB,Empire Shop,iPhone 17 Pro Max 512GB Cosmic Orange,,"8.118,55",4.9935,2026-10-07
2026-10-08 13:57,Celular Apple iPhone 17 Pro Max 512GB,Prime Shop,Celular Apple iPhone 17 Pro Max – 12/512GB – 6.9″ – Deep Blue,,"7.726,62",4.9935,2026-10-07
2026-10-08 13:57,Celular Apple iPhone 17 Pro Max 512GB,Xcell,Apple iPhone 17 Pro Max 512GB A3257 LL/A Esim - Silver,,"7.726,62",4.9935,2026-10-07
2026-10-08 13:57,Celular Apple iPhone 17 Pro Max 512GB,Empire Shop,iPhone 17 Pro Max 512GB Silver,,"8.403,54",4.9935,2026-10-07
2026-10-08 13:57,Celular Apple iPhone 17 Pro Max 512GB,Twin Shop,Apple iPhone 17 Pro Max 512GB - Orange MFYT4BE (Nano - Esim) Anatel,,"7.838,60",4.9935,2026-10-07
2026-10-08 13:57,Celular Apple iPhone 17 Pro Max 512GB,Avanza,Celular Apple iPhone 17 Pro Max 512GB Orange,,"8.152,40",4.9935,2026-10-07
2026-10-08 13:57,Celular Apple iPhone 17 Pro Max 512GB,Avanza,Apple iPhone 17 Pro Max 512GB Silver Dual Esim A3257,,"8.099,97",4.9935,2026-10-07
2026-10-08 13:57,Celular Apple iPhone 17 Pro Max 512GB,Mestre,Apple iPhone 17 Pro Max 512GB Americano (Esim) - Silver,,"7.914,95",4.9935,2026-10-07
2026-10-08 13:57,Celular Apple iPhone 17 Pro Max 512GB,Prime Shop,Celular Apple iPhone 17 Pro Max A3525 Esim 512GB/12GB Ram de 6.9″ 48+48+48MP/18MP – Cosmic Orange,,"7.726,62",4.9935,2026-10-07
2026-10-08 13:57,Celular Apple iPhone 17 Pro Max 512GB,Twin Shop,Apple iPhone 17 Pro Max 512GB - Silver MFYQ4BE (Nano - Esim) Anatel,,"8.042,20",4.9935,2026-10-07
2026-10-08 13:57,Celular Apple iPhone 17 Pro Max 512GB,Roma Shopping,Apple iPhone 17 Pro Max 512GB MFYT4BE/A Cosmic Orange,,"7.940,40",4.9935,2026-10-07
2026-10-08 13:57,Celular Apple iPhone 17 Pro Max 512GB,?,Fone de Ouvido Apple EarPods USB-C,,A partir de,4.9935,2026-10-07
2026-10-08 13:57,Celular Apple iPhone 17 Pro Max 512GB,?,Fone de Ouvido Apple EarPods Lightning,,A partir de,4.9935,2026-10-07
2026-10-08 13:57,Celular Apple iPhone 17 Pro Max 512GB,?,Fone de Ouvido Apple AirPods Pro 3 Bluetooth,,A partir de,4.9935,2026-10-07
2026-10-08 13:57,Celular Apple iPhone 17 Pro Max 512GB,?,Fone de Ouvido Apple AirPods Max 2 Bluetooth,,A partir de,4.9935,2026-10-07
2026-10-08 13:57,Celular Apple iPhone 17 Pro Max 512GB,?,Fone de Ouvido Apple AirPods 5 Bluetooth,,A partir de,4.9935,2026-10-07
2026-10-08 13:57,Celular Apple iPhone 17 Pro Max 1TB,Shopping China,Celular Apple iPhone 17 Pro Max 1TB Orange e/JP,,"9.085,65",4.9935,2026-10-07
2026-10-08 13:57,Celular Apple iPhone 17 Pro Max 1TB,Shopping China,Celular Apple iPhone 17 Pro Max 1TB Blue e/JP,,"9.187,45",4.9935,2026-10-07
2026-10-08 13:57,Celular Apple iPhone 17 Pro Max 1TB,Shopping China,Celular Apple iPhone 17 Pro Max 1TB Silver e/JP,,"9.263,80",4.9935,2026-10-07
2026-10-08 13:57,Celular Apple iPhone 17 Pro Max 1TB,Shopping China,Celular Apple iPhone 17 Pro Max 1T Cosmic Orange,,"8.647,91",4.9935,2026-10-07
2026-10-08 13:57,Celular Apple iPhone 17 Pro Max 1TB,Melody,iPhone 17 Pro Max 1TB Usa-Esim Orange,,"8.525,75",4.9935,2026-10-07
2026-10-08 13:57,Celular Apple iPhone 17 Pro Max 1TB,Melody,iPhone 17 Pro Max 1TB JP -Esim Silver,,"8.729,35",4.9935,2026-10-07
2026-10-08 13:57,Celular Apple iPhone 17 Pro Max 1TB,Melody,iPhone 17 Pro Max 1TB Usa-Esim Silver,,"8.780,25",4.9935,2026-10-07
2026-10-08 13:57,Celular Apple iPhone 17 Pro Max 1TB,Flytec Computers,Apple iPhone 17 Pro Max A3257 1TB Dual Esim Cosmic Orange,,"9.060,20",4.9935,2026-10-07
2026-10-08 13:57,Celular Apple iPhone 17 Pro Max 1TB,Alborada,iPhone 17 Pro Max 1TB Laranja Esim A3257-LL,,"8.653,00",4.9935,2026-10-07
2026-10-08 13:57,Celular Apple iPhone 17 Pro Max 1TB,Atacado Connect,"Apple iPhone 17 Pro Max A3525 4J 1TB Esim Tela 6.9"" - Laranja Cósmico",,"8.490,12",4.9935,2026-10-07
2026-10-08 13:57,Celular Apple iPhone 17 Pro Max 1TB,Atacado Connect,"Apple iPhone 17 Pro Max A3525 4J 1TB Esim Tela 6.9"" - Azul Intenso",,"8.581,74",4.9935,2026-10-07
2026-10-08 13:57,Celular Apple iPhone 17 Pro Max 1TB,LG Importados,Cel Apple New iPhone 17 Pro Max 1TB A-3525 Cosmic Orange 4J/A Japan,,"8.907,50",4.9935,2026-10-07
2026-10-08 13:57,Celular Apple iPhone 17 Pro Max 1TB,Best Shop Paraguai,iPhone 17 Pro Max 1TB A3526 Be/A Esim Cosmic Orange Anatel,,"9.060,20",4.9935,2026-10-07
2026-10-08 13:57,Celular Apple iPhone 17 Pro Max 1TB,Swap Store,iPhone 17 Pro Max 1TB Deep Blue LL/A (Americano),,"8.968,58",4.9935,2026-10-07
2026-10-08 13:57,Celular Apple iPhone 17 Pro Max 1TB,Prime Shop,Celular Apple iPhone 17 Pro Max 1TB – Silver,,"8.841,28",4.9935,2026-10-07
2026-10-08 13:57,Celular Apple iPhone 17 Pro Max 1TB,Swap Store,iPhone 17 Pro Max 1TB Silver LL/A (Americano),,"8.968,58",4.9935,2026-10-07
2026-10-08 13:57,Celular Apple iPhone 17 Pro Max 1TB,Swap Store,iPhone 17 Pro Max 1TB Cosmic Orange LL/A (Americano),,"8.968,58",4.9935,2026-10-07
2026-10-08 13:57,Celular Apple iPhone 17 Pro Max 1TB,Cell World,Cel iPhone 17 Pro Max 1TB Silver New Usa,,"8.943,13",4.9935,2026-10-07
2026-10-08 13:57,Celular Apple iPhone 17 Pro Max 1TB,Point Informática,Cel Apple iPhone 17 Pro Max 1TB Esim Orange,,"9.411,41",4.9935,2026-10-07
2026-10-08 13:57,Celular Apple iPhone 17 Pro Max 1TB,Twin Shop,Apple iPhone 17 Pro Max 1TB - Silver MFYV4BE (Esim) Anatel,,"8.841,33",4.9935,2026-10-07
2026-10-08 13:57,Celular Apple iPhone 17 Pro Max 1TB,Prime Shop,Celular Apple iPhone 17 Pro Max 1TB – Deep Blue,,"8.490,12",4.9935,2026-10-07
2026-10-08 13:57,Celular Apple iPhone 17 Pro Max 1TB,ISS Group,Celular Apple iPhone 17 Pro Max 1TB,,"9.095,83",4.9935,2026-10-07
2026-10-08 13:57,Celular Apple iPhone 17 Pro Max 1TB,?,Fone de Ouvido Apple EarPods USB-C,,A partir de,4.9935,2026-10-07
2026-10-08 13:57,Celular Apple iPhone 17 Pro Max 1TB,?,Fone de Ouvido Apple EarPods Lightning,,A partir de,4.9935,2026-10-07
2026-10-08 13:57,Celular Apple iPhone 17 Pro Max 1TB,?,Fone de Ouvido Apple AirPods Pro 3 Bluetooth,,A partir de,4.9935,2026-10-07
2026-10-08 13:57,Celular Apple iPhone 17 Pro Max 1TB,?,Fone de Ouvido Apple AirPods Max 2 Bluetooth,,A partir de,4.9935,2026-10-07
2026-10-08 13:57,Celular Apple iPhone 17 Pro Max 1TB,?,Fone de Ouvido Apple AirPods 5 Bluetooth,,A partir de,4.9935,2026-10-07
2026-10-08 13:57,Celular Apple iPhone 15 Pro Max 256GB Swap Grade A,One Click,Apple iPhone 15 Pro Max 256GB LL Tela Super Retina XDR 6.7 Cam Tripla 48+12+12MP/12MP Ios 17 Black Titanium - Swap 'Grade A-' (Esim)(1 Mês Garantia) / Fully Tested - 100% Funcional,,"3.420,48",4.9935,2026-10-07
2026-10-08 13:57,Celular Apple iPhone 15 Pro Max 256GB Swap Grade A,Star Games,iPhone 15 Pro Max 256GB Natural Swap Grade A,,"3.232,15",4.9935,2026-10-07
2026-10-08 13:57,Celular Apple iPhone 15 Pro Max 256GB Swap Grade A,Star Games,iPhone 15 Pro Max 256GB Black Swap Grade A,,"3.232,15",4.9935,2026-10-07
2026-10-08 13:57,Celular Apple iPhone 15 Pro Max 256GB Swap Grade A,Star Games,iPhone 15 Pro Max 256GB Azul Swap Grade A+,,"3.232,15",4.9935,2026-10-07
2026-10-08 13:57,Celular Apple iPhone 15 Pro Max 256GB Swap Grade A,Star Games,iPhone 15 Pro Max 256GB Azul Grade A Americano,,"3.181,25",4.9935,2026-10-07
2026-10-08 13:57,Celular Apple iPhone 15 Pro Max 256GB Swap Grade A,Mundo do Celular,iPhone 15 Pro Max 256GB Swap Grado A Azul,,"3.563,00",4.9935,2026-10-07
2026-10-08 13:57,Celular Apple iPhone 15 Pro Max 256GB Swap Grade A,Mundo do Celular,iPhone 15 Pro Max 256GB Swap Grado A Azul Americano,,"3.461,20",4.9935,2026-10-07
2026-10-08 13:57,Celular Apple iPhone 15 Pro Max 256GB Swap Grade A,Mundo do Celular,iPhone 15 Pro Max 256GB Grade A Preto Swap,,"3.486,65",4.9935,2026-10-07
2026-10-08 13:57,Celular Apple iPhone 15 Pro Max 256GB Swap Grade A,Mundo do Celular,iPhone 15 Pro Max 256GB Swap Grado A Natural Usa,,"3.410,30",4.9935,2026-10-07
2026-10-08 13:57,Celular Apple iPhone 15 Pro Max 256GB Swap Grade A,Mundo do Celular,iPhone 15 Pro Max 256GB Swap Grado A Azul,,"3.461,20",4.9935,2026-10-07
2026-10-08 13:57,Celular Apple iPhone 15 Pro Max 256GB Swap Grade A,Mundo do Celular,iPhone 15 Pro Max 256GB Azul Grade A Swap Hso,,"3.486,65",4.9935,2026-10-07
2026-10-08 13:57,Celular Apple iPhone 15 Pro Max 256GB Swap Grade A,Mundo do Celular,iPhone 15 Pro Max 256GB Swap Grado A Branco Swap,,"3.512,10",4.9935,2026-10-07
2026-10-08 13:57,Celular Apple iPhone 15 Pro Max 256GB Swap Grade A,Mundo do Celular,iPhone 15 Pro Max 256GB Grade A Branco,,"3.486,65",4.9935,2026-10-07
2026-10-08 13:57,Celular Apple iPhone 15 Pro Max 256GB Swap Grade A,Mini Carlos,Cel iPhone 15 Pro Max 256 Swap AM Preto,,"3.232,15",4.9935,2026-10-07
2026-10-08 13:57,Celular Apple iPhone 15 Pro Max 256GB Swap Grade A,Best Shop Paraguai,iPhone 15 Pro Max 256GB Esim Swap A- Natural Titanium,,"3.206,70",4.9935,2026-10-07
2026-10-08 13:57,Celular Apple iPhone 15 Pro Max 256GB Swap Grade A,Best Shop Paraguai,iPhone 15 Pro Max 256GB Esim Swap A Natural Titanium,,"3.512,10",4.9935,2026-10-07
2026-10-08 13:57,Celular Apple iPhone 15 Pro Max 256GB Swap Grade A,Best Shop Paraguai,iPhone 15 Pro Max 256GB Esim Swap A White Titanium,,"3.512,10",4.9935,2026-10-07
2026-10-08 13:57,Celular Apple iPhone 15 Pro Max 256GB Swap Grade A,Best Shop Paraguai,iPhone 15 Pro Max 256GB Esim Swap A Azul (Americano),,"3.461,20",4.9935,2026-10-07
2026-10-08 13:57,Celular Apple iPhone 15 Pro Max 256GB Swap Grade A,Mini Carlos,Cel iPhone 15 Pro Max 256 Swap AM Azul,,"3.232,15",4.9935,2026-10-07
2026-10-08 13:57,Celular Apple iPhone 15 Pro Max 256GB Swap Grade A,Mini Carlos,Cel iPhone 15 Pro Max 256 Swap Azul CH,,"3.232,15",4.9935,2026-10-07
2026-10-08 13:57,Celular Apple iPhone 15 Pro Max 256GB Swap Grade A,Best Shop Paraguai,iPhone 15 Pro Max 256GB Esim Swap A Preto (Americano),,"3.461,20",4.9935,2026-10-07
2026-10-08 13:57,Celular Apple iPhone 15 Pro Max 256GB Swap Grade A,Best Shop Paraguai,iPhone 15 Pro Max 256GB Esim Swap A- Blue Titanium,,"3.333,95",4.9935,2026-10-07
2026-10-08 13:57,Celular Apple iPhone 15 Pro Max 256GB Swap Grade A,Direto América,Apple iPhone Swap 15 Pro Max 256GB Blue Grado A Menos e Sim Con Garantia,,"3.257,60",4.9935,2026-10-07
2026-10-08 13:57,Celular Apple iPhone 15 Pro Max 256GB Swap Grade A,Direto América,Apple iPhone Swap 15 Pro Max 256GB White Titanium (Grado A Menos e Sim - 1 Mes de Garantia),,"3.257,60",4.9935,2026-10-07
2026-10-08 13:57,Celular Apple iPhone 15 Pro Max 256GB Swap Grade A,Direto América,Apple iPhone 15 Pro Max 256GB Tela Super Retina XDR 6.1 Cam Tripla 48+12+12 /12MP / Black - Swap | Grade A Menos c/Chip ( 1 Mes de Garantia),,"3.257,60",4.9935,2026-10-07
2026-10-08 13:57,Celular Apple iPhone 15 Pro Max 256GB Swap Grade A,Direto América,Apple iPhone Swap 15 Pro Max 256GB Natural Titanium Grado A Menos c/Chip (Un Mes de Garantia),,"3.257,60",4.9935,2026-10-07
2026-10-08 13:57,Celular Apple iPhone 15 Pro Max 256GB Swap Grade A,Polo Center,Swap iPhone 15 Pro Max 256GB Grad A Black,,"3.410,30",4.9935,2026-10-07
2026-10-08 13:57,Celular Apple iPhone 15 Pro Max 256GB Swap Grade A,Direto América,Apple iPhone Swap 15 Pro Max 256GB Natural Titanium/ Grado A Menos c/Chip (Garantia Un Mes),,"3.257,60",4.9935,2026-10-07
2026-10-08 13:57,Celular Apple iPhone 15 Pro Max 256GB Swap Grade A,Xcell,Apple iPhone 15 Pro Max 256GB Swap Grado A+ Natural Titanium (Americano) (Con Garantia) (Somente Aparelho),,"3.461,20",4.9935,2026-10-07
2026-10-08 13:57,Celular Apple iPhone 15 Pro Max 256GB Swap Grade A,Direto América,Apple iPhone 15 Pro Max 256GB Tela Super Retina XDR 6.7 Cam Tripla 12+12+12 /12MP / Blue - Swap | Grade A e Sim ( 1 Mes de Garantia),,"3.283,05",4.9935,2026-10-07
2026-10-08 13:57,Celular Apple iPhone 15 Pro Max 256GB Swap Grade A,Swap Store,iPhone 15 Pro Max 256GB Blue Titanium Swap A+,,"3.257,60",4.9935,2026-10-07
2026-10-08 13:57,Celular Apple iPhone 15 Pro Max 256GB Swap Grade A,Xcell,Apple iPhone 15 Pro Max 256GB Swap Grado A+ Black Titanium (Americano) (Con Garantia) (Somente Aparelho),,"3.461,20",4.9935,2026-10-07
2026-10-08 13:57,Celular Apple iPhone 15 Pro Max 256GB Swap Grade A,Direto América,Swap iPhone 15 Pro Max 256GB Blue Titanium/ Grado A Menos e Sim (Garantia Un Mes),,"3.257,60",4.9935,2026-10-07
2026-10-08 13:57,Celular Apple iPhone 15 Pro Max 256GB Swap Grade A,Direto América,Apple Swap iPhone 15 Pro Max 256GB Tela Super Retina XDR 6.7 Cam Tripla 12+12+12 /12MP / Black - Grado A e Sim | Con Garantia,,"3.283,05",4.9935,2026-10-07
2026-10-08 13:57,Celular Apple iPhone 15 Pro Max 256GB Swap Grade A,Polo Center,Swap iPhone 15 Pro Max 256GB Grad A Blue,,"3.410,30",4.9935,2026-10-07
2026-10-08 13:57,Celular Apple iPhone 15 Pro Max 256GB Swap Grade A,Polo Center,Swap iPhone 15 Pro Max 256GB Grad A Natural Titani,,"3.435,75",4.9935,2026-10-07
2026-10-08 13:57,Celular Apple iPhone 15 Pro Max 256GB Swap Grade A,Polo Center,Swap iPhone 15 Pro Max 256GB Grad A Silver,,"3.461,20",4.9935,2026-10-07
2026-10-08 13:57,Celular Apple iPhone 15 Pro Max 256GB Swap Grade A,Direto América,Swap iPhone 15 Pro Max 256GB White Titanium Grado A (Un Mes de Garantia),,"3.283,05",4.9935,2026-10-07
2026-10-08 13:57,Celular Apple iPhone 15 Pro Max 256GB Swap Grade A,Direto América,Apple iPhone Swap 15 Pro Max 256GB Blue Titanium/ Grado A Menos c/Chip (Garantia Un Mes),,"3.257,60",4.9935,2026-10-07
2026-10-08 13:57,Celular Apple iPhone 15 Pro Max 256GB Swap Grade A,Direto América,Swap iPhone 15 Pro Max 256GB White Titanium c/Chip Grado A Menos (Un Mes de Garantia),,"3.257,60",4.9935,2026-10-07
2026-10-08 13:57,Celular Apple iPhone 15 Pro Max 256GB Swap Grade A,Direto América,Apple iPhone Swap 15 Pro Max 256GB Natural Grado A (Garantia Un Mes - Americano),,"3.283,05",4.9935,2026-10-07
2026-10-08 13:57,Celular Apple iPhone 15 Pro Max 256GB Swap Grade A,Direto América,Apple iPhone 15 Pro Max 256GB Tela Super Retina XDR 6.1 Cam Tripla 48+12+12 /12MP / Blue - Swap | Grade A e Sim ( 1 Mes de Garantia),,"3.283,05",4.9935,2026-10-07
2026-10-08 13:57,Celular Apple iPhone 15 Pro Max 256GB Swap Grade A,Direto América,Apple iPhone 15 Pro Max 256GB Tela Super Retina XDR 6.1 Cam Tripla 48+12+12 /12MP / Black - Swap | Grade A Menos c/ Chip( 1 Mes de Garantia),,"3.257,60",4.9935,2026-10-07
2026-10-08 13:57,Celular Apple iPhone 15 Pro Max 256GB Swap Grade A,Direto América,Apple iPhone 15 Pro Max 256GB Tela Super Retina XDR 6.7 Cam Tripla 12+12+12 /12MP / Black - Swap | Grade A e Sim ( 1 Mes de Garantia),,"3.283,05",4.9935,2026-10-07
2026-10-08 13:57,Celular Apple iPhone 15 Pro Max 256GB Swap Grade A,Swap Store,iPhone 15 Pro Max 256GB White Titanium Swap A+,,"3.257,60",4.9935,2026-10-07
2026-10-08 13:57,Celular Apple iPhone 15 Pro Max 256GB Swap Grade A,Direto América,Apple iPhone 15 Pro Max 256GB Tela 6.7 Cam Tripla 12+12+12/12MP/ Natural - Swap | Grade A e Sim ( 1 Mes de Garantia),,"3.283,05",4.9935,2026-10-07
2026-10-08 13:57,Celular Apple iPhone 15 Pro Max 256GB Swap Grade A,Abudi Cell,iPhone 15 Pro Max 256GB Swap A White Titanium,,"3.206,70",4.9935,2026-10-07
2026-10-08 13:57,Celular Apple iPhone 15 Pro Max 256GB Swap Grade A,Direto América,Swap iPhone 15 Pro Max 256GB White Titanium e Sim Grado A (Un Mes de Garantia),,"3.283,05",4.9935,2026-10-07
2026-10-08 13:57,Celular Apple iPhone 15 Pro Max 256GB Swap Grade A,Xcell,Apple iPhone 15 Pro Max 256GB Swap Grado A+ Blue Titanium (Americano) (Con Garantia) (Somente Aparelho),,"3.461,20",4.9935,2026-10-07
2026-10-08 13:57,Celular Apple iPhone 15 Pro Max 256GB Swap Grade A,Swap Store,iPhone 15 Pro Max 256GB Natural Titanium Swap A+,,"3.257,60",4.9935,2026-10-07
2026-10-08 13:57,Celular Apple iPhone 15 Pro Max 256GB Swap Grade A,Direto América,Apple iPhone 15 Pro Max 256GB Tela Super Retina XDR 6.1 Cam Tripla 48+12+12 /12MP / Black - Swap | Grade A Menos e Sim ( 1 Mes de Garantia),,"3.257,60",4.9935,2026-10-07
2026-10-08 13:57,Celular Apple iPhone 15 Pro Max 256GB Swap Grade A,Swap Store,iPhone 15 Pro Max 256GB Black Titanium Swap A+,,"3.257,60",4.9935,2026-10-07
2026-10-08 13:57,Celular Apple iPhone 15 Pro Max 256GB Swap Grade A,Xcell,Apple iPhone 15 Pro Max 256GB Swap Grado A+ White Titanium (Americano) (Con Garantia) (Somente Aparelho),,"3.461,20",4.9935,2026-10-07
2026-10-08 13:57,Celular Apple iPhone 15 Pro Max 256GB Swap Grade A,Direto América,Apple iPhone 15 Pro Max 256GB Tela Super Retina XDR 6.7 Cam Tripla 12+12+12 /12MP / White - Swap | Grado A Menos Con Garantia,,"3.257,60",4.9935,2026-10-07
2026-10-08 13:57,Celular Apple iPhone 15 Pro Max 256GB Swap Grade A,Direto América,Swap iPhone 15 Pro Max 256GB White Titanium c/Chip Grado A (Un Mes de Garantia),,"3.283,05",4.9935,2026-10-07
2026-10-08 13:57,Celular Apple iPhone 15 Pro Max 256GB Swap Grade A,Direto América,Apple iPhone Swap 15 Pro Max 256GB Natural Titanium/ Grado A Menos e Sim (Americano - Garantia Un Mes),,"3.257,60",4.9935,2026-10-07
2026-10-08 13:57,Celular Apple iPhone 15 Pro Max 256GB Swap Grade A,Direto América,Apple iPhone Swap 15 Pro Max 256GB Natural Grado A (Americano - Un Mes de Garantia),,"3.283,05",4.9935,2026-10-07
2026-10-08 13:57,Celular Apple iPhone 15 Pro Max 256GB Swap Grade A,?,Fone de Ouvido Apple EarPods USB-C,,A partir de,4.9935,2026-10-07
2026-10-08 13:57,Celular Apple iPhone 15 Pro Max 256GB Swap Grade A,?,Fone de Ouvido Apple EarPods Lightning,,A partir de,4.9935,2026-10-07
2026-10-08 13:57,Celular Apple iPhone 15 Pro Max 256GB Swap Grade A,?,Fone de Ouvido Apple AirPods Pro 3 Bluetooth,,A partir de,4.9935,2026-10-07
2026-10-08 13:57,Celular Apple iPhone 15 Pro Max 256GB Swap Grade A,?,Fone de Ouvido Apple AirPods Max 2 Bluetooth,,A partir de,4.9935,2026-10-07
2026-10-08 13:57,Celular Apple iPhone 15 Pro Max 256GB Swap Grade A,?,Fone de Ouvido Apple AirPods 5 Bluetooth,,A partir de,4.9935,2026-10-07
2026-10-08 13:57,Celular Apple iPhone Air 256GB,Nissei,Apple iPhone Air A3260 Dual 256 GB - Cloud White,,"4.830,41",4.9935,2026-10-07
2026-10-08 13:57,Celular Apple iPhone Air 256GB,Nissei,Apple iPhone Air A3260 Dual 256 GB - SKY Blue,,"4.830,41",4.9935,2026-10-07
2026-10-08 13:57,Celular Apple iPhone Air 256GB,Nissei,Apple iPhone Air A3260 Dual 256 GB - Light Gold,,"4.830,41",4.9935,2026-10-07
2026-10-08 13:57,Celular Apple iPhone Air 256GB,Cellshop,Apple iPhone Air 256GB Light Gold MG294J (Esim),,"4.810,05",4.9935,2026-10-07
2026-10-08 13:57,Celular Apple iPhone Air 256GB,Cellshop,Apple iPhone Air 256GB Space MG274J (Esim),,"4.830,41",4.9935,2026-10-07
2026-10-08 13:57,Celular Apple iPhone Air 256GB,Cellshop,Apple iPhone Air 256GB SKY Blue MG2A4J (Esim),,"4.810,05",4.9935,2026-10-07
2026-10-08 13:57,Celular Apple iPhone Air 256GB,Shopping China,Celular Apple iPhone Air MG194LL/A 256GB Cloud White,,"4.840,59",4.9935,2026-10-07
2026-10-08 13:57,Celular Apple iPhone Air 256GB,Shopping China,Celular Apple iPhone Air A3260 MG184LL/A 256GB Space Black,,"4.835,50",4.9935,2026-10-07
2026-10-08 13:57,Celular Apple iPhone Air 256GB,Shopping China,Celular Apple iPhone Air A3260 MG1D4LL/A 256GB SKY Blue,,"4.962,75",4.9935,2026-10-07
2026-10-08 13:57,Celular Apple iPhone Air 256GB,Shopping China,Celular Apple iPhone Air A3260 MG1A4LL/A 256GB Light Gold,,"4.840,59",4.9935,2026-10-07
2026-10-08 13:57,Celular Apple iPhone Air 256GB,Melody,iPhone 17 Air 256GB Eu -Esim Blue,,"4.733,70",4.9935,2026-10-07
2026-10-08 13:57,Celular Apple iPhone Air 256GB,MultiPass,Celular Apple iPhone 17 Air 256GB SKY Blue Lacrado Novo LL,,"5.079,82",4.9935,2026-10-07
2026-10-08 13:57,Celular Apple iPhone Air 256GB,Flytec Computers,"Apple iPhone 18 Pro Max A3473 12GB+256GB Esim 6.9""Burgundy",,"8.703,90",4.9935,2026-10-07
2026-10-08 13:57,Celular Apple iPhone Air 256GB,Atacado Connect,"Apple iPhone Air A3517 4J 256GB Esim Tela 6.5"" - Dourado",,"4.733,70",4.9935,2026-10-07
2026-10-08 13:57,Celular Apple iPhone Air 256GB,Atacado Connect,"Apple iPhone Air A3516 4J 256GB Esim Tela 6.5"" - Branco",,"4.733,70",4.9935,2026-10-07
2026-10-08 13:57,Celular Apple iPhone Air 256GB,Atacado Connect,"Apple iPhone Air A3517 Be 256GB Esim Tela 6.5"" - Azul",,"4.759,15",4.9935,2026-10-07
2026-10-08 13:57,Celular Apple iPhone Air 256GB,Atacado Connect,"Apple iPhone Air A3516 4J 256GB Esim Tela 6.5"" - Preto Espacial",,"4.733,70",4.9935,2026-10-07
2026-10-08 13:57,Celular Apple iPhone Air 256GB,LG Importados,Cel Apple New iPhone 17 Air 256GB A-3517 Light Gold Esim,,"4.988,20",4.9935,2026-10-07
2026-10-08 13:57,Celular Apple iPhone Air 256GB,Prime Shop,Celular Apple iPhone Air 256GB/12GB Ram de 6.5″ 48MP/18MP – Cloud White,,"4.830,36",4.9935,2026-10-07
2026-10-08 13:57,Celular Apple iPhone Air 256GB,Prime Shop,Celular Apple iPhone Air 256GB/12GB Ram de 6.5″ 48MP/18MP – Light Gold,,"4.830,36",4.9935,2026-10-07
2026-10-08 13:57,Celular Apple iPhone Air 256GB,Avanza,Apple iPhone Air 256GB Light Gold Dual Esim A3260,,"4.954,35",4.9935,2026-10-07
2026-10-08 13:57,Celular Apple iPhone Air 256GB,Vertex,Celular Apple iPhone 17 Air 256GB Black,,"4.886,40",4.9935,2026-10-07
2026-10-08 13:57,Celular Apple iPhone Air 256GB,Prime Shop,Celular Apple iPhone Air 256GB/12GB Ram de 6.5″ 48MP/18MP – SKY Blue,,"4.733,65",4.9935,2026-10-07
2026-10-08 13:57,Celular Apple iPhone Air 256GB,Prime Shop,Celular Apple iPhone Air 256GB/12GB Ram de 6.5″ 48MP/18MP – Space Black,,"8.703,85",4.9935,2026-10-07
2026-10-08 13:57,Celular Apple iPhone Air 256GB,Avanza,Apple iPhone Air 256GB Cloud White Dual Esim A3260,,"4.954,35",4.9935,2026-10-07
2026-10-08 13:57,Celular Apple iPhone Air 256GB,Avanza,Apple iPhone Air 256GB SKY Blue Dual Esim A3260,,"4.954,35",4.9935,2026-10-07
2026-10-08 13:57,Celular Apple iPhone Air 256GB,?,Fone de Ouvido Apple EarPods USB-C,,A partir de,4.9935,2026-10-07
2026-10-08 13:57,Celular Apple iPhone Air 256GB,?,Fone de Ouvido Apple EarPods Lightning,,A partir de,4.9935,2026-10-07
2026-10-08 13:57,Celular Apple iPhone Air 256GB,?,Fone de Ouvido Apple AirPods Pro 3 Bluetooth,,A partir de,4.9935,2026-10-07
2026-10-08 13:57,Celular Apple iPhone Air 256GB,?,Fone de Ouvido Apple AirPods Max 2 Bluetooth,,A partir de,4.9935,2026-10-07
2026-10-08 13:57,Celular Apple iPhone Air 256GB,?,Fone de Ouvido Apple AirPods 5 Bluetooth,,A partir de,4.9935,2026-10-07
2026-10-08 13:57,Celular Apple iPhone 17 Pro Max 512GB Recondicionado,One Click,Apple iPhone 17 Pro Max 512GB A3257 LL Tela Super Retina XDR 6.9 / Cam Tripla 48+48+48MP/18MP Center Stage / Ios 26 - Silver (As Is A-),,"6.642,45",4.9935,2026-10-07
2026-10-08 13:57,Celular Apple iPhone 17 Pro Max 512GB Recondicionado,One Click,Apple iPhone 17 Pro Max 512GB A3257 LL Tela Super Retina XDR 6.9 / Cam Tripla 48+48+48MP/18MP Center Stage / Ios 26 - Silver (As Is+),,"6.693,35",4.9935,2026-10-07
2026-10-08 13:57,Celular Apple iPhone 17 Pro Max 512GB Recondicionado,One Click,Apple iPhone 17 Pro Max 512GB A3257 LL Tela Super Retina XDR 6.9 / Cam Tripla 48+48+48MP/18MP Center Stage / Ios 26 - Cosmic Orange (As Is+),,"6.693,35",4.9935,2026-10-07
2026-10-08 13:57,Celular Apple iPhone 17 Pro Max 512GB Recondicionado,One Click,Apple iPhone 17 Pro Max 512GB A3257 LL Tela Super Retina XDR 6.9 / Cam Tripla 48+48+48MP/18MP Center Stage / Ios 26 - Deep Blue (As Is A),,"6.693,35",4.9935,2026-10-07
2026-10-08 13:57,Celular Apple iPhone 17 Pro Max 512GB Recondicionado,One Click,Apple iPhone 17 Pro Max 512GB A3257 LL Tela Super Retina XDR 6.9 / Cam Tripla 48+48+48MP/18MP Center Stage / Ios 26 - Deep Blue (As Is+),,"6.693,35",4.9935,2026-10-07
2026-10-08 13:57,Celular Apple iPhone 17 Pro Max 512GB Recondicionado,One Click,Apple iPhone 17 Pro Max 512GB A3257 LL Tela Super Retina XDR 6.9 / Cam Tripla 48+48+48MP/18MP Center Stage / Ios 26 - Deep Blue (As Is A-),,"6.642,45",4.9935,2026-10-07
2026-10-08 13:57,Celular Apple iPhone 17 Pro Max 512GB Recondicionado,One Click,Apple iPhone 17 Pro Max 512GB A3257 LL Tela Super Retina XDR 6.9 / Cam Tripla 48+48+48MP/18MP Center Stage / Ios 26 - Cosmic Orange (As Is A-),,"6.642,45",4.9935,2026-10-07
2026-10-08 13:57,Celular Apple iPhone 17 Pro Max 512GB Recondicionado,One Click,Apple iPhone 17 Pro Max 512GB A3257 LL Tela Super Retina XDR 6.9 / Cam Tripla 48+48+48MP/18MP Center Stage / Ios 26 - Cosmic Orange (As Is A),,"6.693,35",4.9935,2026-10-07
2026-10-08 13:57,Celular Apple iPhone 17 Pro Max 512GB Recondicionado,Mobile Zone,"Apple iPhone 17 Pro Max Swap Esim 512GB 6.9"" Orange - Grau A+ (2 Meses de Garantia - Bat. 90/100% - Americano)",,"6.617,00",4.9935,2026-10-07
2026-10-08 13:57,Celular Apple iPhone 17 Pro Max 512GB Recondicionado,Star Games,iPhone 17 Pro Max 512GB Silver Swap A Americano,,"6.362,50",4.9935,2026-10-07
2026-10-08 13:57,Celular Apple iPhone 17 Pro Max 512GB Recondicionado,Star Games,iPhone 17 Pro Max 512GB Dark Blue Swap A Americano,,"6.362,50",4.9935,2026-10-07
2026-10-08 13:57,Celular Apple iPhone 17 Pro Max 512GB Recondicionado,Shopping China,Celular Apple iPhone 17 Pro Max 512GB Orange Asis,,"6.871,50",4.9935,2026-10-07
2026-10-08 13:57,Celular Apple iPhone 17 Pro Max 512GB Recondicionado,Mundo do Celular,iPhone 17 Pro Max 512GB Orange Swap Grade A 100% Usa,,"6.718,80",4.9935,2026-10-07
2026-10-08 13:57,Celular Apple iPhone 17 Pro Max 512GB Recondicionado,New Zone,Apple Cel Swap iPhone 17 Pro Max 512GB A+ Orange (Esim),,"6.617,00",4.9935,2026-10-07
2026-10-08 13:57,Celular Apple iPhone 17 Pro Max 512GB Recondicionado,Best Shop Paraguai,iPhone 17 Pro Max 512GB Esim Blue Americano Swap A,,"6.846,05",4.9935,2026-10-07
2026-10-08 13:57,Celular Apple iPhone 17 Pro Max 512GB Recondicionado,Best Shop Paraguai,iPhone 17 Pro Max 512GB Esim Silver Americano Swap A,,"6.744,25",4.9935,2026-10-07
2026-10-08 13:57,Celular Apple iPhone 17 Pro Max 512GB Recondicionado,Best Shop Paraguai,iPhone 17 Pro Max 512GB Esim Orange Americano Swap A,,"6.744,25",4.9935,2026-10-07
2026-10-08 13:57,Celular Apple iPhone 17 Pro Max 512GB Recondicionado,Mini Carlos,Cel iPhone 17 Pro Max 512GB Azul Swap Assis+,,"6.769,70",4.9935,2026-10-07
2026-10-08 13:57,Celular Apple iPhone 17 Pro Max 512GB Recondicionado,Mini Carlos,Cel iPhone 17 Pro Max 512GB Laranja Swap Assis+,,"6.769,70",4.9935,2026-10-07
2026-10-08 13:57,Celular Apple iPhone 17 Pro Max 512GB Recondicionado,?,Fone de Ouvido Apple EarPods USB-C,,A partir de,4.9935,2026-10-07
2026-10-08 13:57,Celular Apple iPhone 17 Pro Max 512GB Recondicionado,?,Fone de Ouvido Apple EarPods Lightning,,A partir de,4.9935,2026-10-07
2026-10-08 13:57,Celular Apple iPhone 17 Pro Max 512GB Recondicionado,?,Fone de Ouvido Apple AirPods Pro 3 Bluetooth,,A partir de,4.9935,2026-10-07
2026-10-08 13:57,Celular Apple iPhone 17 Pro Max 512GB Recondicionado,?,Fone de Ouvido Apple AirPods Max 2 Bluetooth,,A partir de,4.9935,2026-10-07
2026-10-08 13:57,Celular Apple iPhone 17 Pro Max 512GB Recondicionado,?,Fone de Ouvido Apple AirPods 5 Bluetooth,,A partir de,4.9935,2026-10-07
2026-10-08 13:57,Celular Apple iPhone 17 Pro Max 2TB,Nissei,Apple iPhone 17 Pro Max A3257 Dual 2 TB - Deep Blue,,"10.689,00",4.9935,2026-10-07
2026-10-08 13:57,Celular Apple iPhone 17 Pro Max 2TB,Nissei,Apple iPhone 17 Pro Max A3257 Dual 2 TB - Cosmic Orange,,"10.689,00",4.9935,2026-10-07
2026-10-08 13:57,Celular Apple iPhone 17 Pro Max 2TB,Shopping China,Celular Apple iPhone 17 Pro Max 2TB Orange e/JP,,"10.180,00",4.9935,2026-10-07
2026-10-08 13:57,Celular Apple iPhone 17 Pro Max 2TB,Shopping China,Celular Apple iPhone 17 Pro Max A3257 MFXT4LL/A 2TB Cosmic Orange,,"10.689,00",4.9935,2026-10-07
2026-10-08 13:57,Celular Apple iPhone 17 Pro Max 2TB,Shopping China,Celular Apple iPhone 17 Pro Max 2TB Silver e/JP,,"10.180,00",4.9935,2026-10-07
2026-10-08 13:57,Celular Apple iPhone 17 Pro Max 2TB,Mundo do Celular,iPhone 17 Pro Max 2TBGB Cosmic Orange,,"10.281,80",4.9935,2026-10-07
2026-10-08 13:57,Celular Apple iPhone 17 Pro Max 2TB,Atacado Connect,"Apple iPhone 17 Pro Max A3257 LL 2TB Esim Tela 6.9"" - Laranja Cósmico",,"10.078,20",4.9935,2026-10-07
2026-10-08 13:57,Celular Apple iPhone 17 Pro Max 2TB,LG Importados,Cel Apple New iPhone 17 Pro Max 2TB A-3257 Deep Blue LL/A Esim,,"10.332,70",4.9935,2026-10-07
2026-10-08 13:57,Celular Apple iPhone 17 Pro Max 2TB,Mestre,Apple iPhone 17 Pro Max 2TB Americano (Esim) - Orange,,"9.986,58",4.9935,2026-10-07
2026-10-08 13:57,Celular Apple iPhone 17 Pro Max 2TB,Prime Shop,Celular Apple iPhone 17 Pro Max 2TB – Cosmic Orange,,"9.986,58",4.9935,2026-10-07
2026-10-08 13:57,Celular Apple iPhone 17 Pro Max 2TB,Avanza,Apple iPhone 17 Pro Max 2TB Deep Blue Dual Esim A3257,,"10.983,46",4.9935,2026-10-07
2026-10-08 13:57,Celular Apple iPhone 17 Pro Max 2TB,Avanza,Apple iPhone 17 Pro Max 2TB Cosmic Orange Dual Esim A3257,,"10.983,46",4.9935,2026-10-07
2026-10-08 13:57,Celular Apple iPhone 17 Pro Max 2TB,Prime Shop,Celular Apple iPhone 17 Pro Max 2TB – Deep Blue,,"10.688,95",4.9935,2026-10-07
2026-10-08 13:57,Celular Apple iPhone 17 Pro Max 2TB,?,Fone de Ouvido Apple EarPods USB-C,,A partir de,4.9935,2026-10-07
2026-10-08 13:57,Celular Apple iPhone 17 Pro Max 2TB,?,Fone de Ouvido Apple EarPods Lightning,,A partir de,4.9935,2026-10-07
2026-10-08 13:57,Celular Apple iPhone 17 Pro Max 2TB,?,Fone de Ouvido Apple AirPods Pro 3 Bluetooth,,A partir de,4.9935,2026-10-07
2026-10-08 13:57,Celular Apple iPhone 17 Pro Max 2TB,?,Fone de Ouvido Apple AirPods Max 2 Bluetooth,,A partir de,4.9935,2026-10-07
2026-10-08 13:57,Celular Apple iPhone 17 Pro Max 2TB,?,Fone de Ouvido Apple AirPods 5 Bluetooth,,A partir de,4.9935,2026-10-07
2026-10-08 13:57,Celular Apple iPhone 17 Pro Max 256GB Swap Grade A,Dr Cell Atacado,Cel iPhone 17 Pro Max 256GB Orange G/Apple Swap A+,,"5.955,30",4.9935,2026-10-07
2026-10-08 13:57,Celular Apple iPhone 17 Pro Max 256GB Swap Grade A,Dr Cell Atacado,Cel iPhone 17 Pro Max 256GB Blue G/Apple Swap A+,,"5.955,30",4.9935,2026-10-07
2026-10-08 13:57,Celular Apple iPhone 17 Pro Max 256GB Swap Grade A,Best Shop Paraguai,iPhone 17 Pro Max 256GB Esim Orange Americano Garantia Apple Swap A,,"5.751,70",4.9935,2026-10-07
2026-10-08 13:57,Celular Apple iPhone 17 Pro Max 256GB Swap Grade A,Best Shop Paraguai,iPhone 17 Pro Max 256GB Esim Silver Americano Swap A,,"5.955,30",4.9935,2026-10-07
2026-10-08 13:57,Celular Apple iPhone 17 Pro Max 256GB Swap Grade A,Direto América,Swap iPhone 17 Pro Max 256GB Blue Grado A Con Garantia Apple,,"5.751,70",4.9935,2026-10-07
2026-10-08 13:57,Celular Apple iPhone 17 Pro Max 256GB Swap Grade A,Direto América,Swap iPhone 17 Pro Max 256GB Orange Grado A ( Garantia Apple),,"5.802,60",4.9935,2026-10-07
2026-10-08 13:57,Celular Apple iPhone 17 Pro Max 256GB Swap Grade A,Direto América,Swap iPhone 17 Pro Max 256GB Orange Grado A Con Garantia Apple,,"5.802,60",4.9935,2026-10-07
2026-10-08 13:57,Celular Apple iPhone 17 Pro Max 256GB Swap Grade A,Direto América,Apple iPhone 17 Pro Max 256GB Tela Super Retina XDR 6.1 Cam Tripla 12+12+12 /12MP / Blue - Swap | Grade A ( 1 Mes de Garantia),,"5.751,70",4.9935,2026-10-07
2026-10-08 13:57,Celular Apple iPhone 17 Pro Max 256GB Swap Grade A,Direto América,Swap iPhone 17 Pro Max 256GB Blue Grado A Menos ( Garantia Apple ),,"5.726,25",4.9935,2026-10-07
2026-10-08 13:57,Celular Apple iPhone 17 Pro Max 256GB Swap Grade A,Direto América,Swap iPhone 17 Pro Max 256GB Silver Grado A ( Garantia Apple),,"5.853,50",4.9935,2026-10-07
2026-10-08 13:57,Celular Apple iPhone 17 Pro Max 256GB Swap Grade A,Direto América,Swap iPhone 17 Pro Max 256GB Blue Grado A ( Garantia Apple),,"5.751,70",4.9935,2026-10-07
2026-10-08 13:57,Celular Apple iPhone 17 Pro Max 256GB Swap Grade A,Direto América,Swap iPhone 17 Pro Max 256GB Blue Grado A Menos Con Garantia Apple,,"5.726,25",4.9935,2026-10-07
2026-10-08 13:57,Celular Apple iPhone 17 Pro Max 256GB Swap Grade A,Cell World,iPhone 17 Pro Max 256GB Orange Usado Grade A,,"6.718,80",4.9935,2026-10-07
2026-10-08 13:57,Celular Apple iPhone 17 Pro Max 256GB Swap Grade A,Direto América,Swap iPhone 17 Pro Max 256GB Silver Grado A Con Garantia Apple,,"5.853,50",4.9935,2026-10-07
2026-10-08 13:57,Celular Apple iPhone 17 Pro Max 256GB Swap Grade A,Direto América,Swap iPhone 17 Pro Max 256GB Silver Grado A Menos Con Garantia,,"5.828,05",4.9935,2026-10-07
2026-10-08 13:57,Celular Apple iPhone 17 Pro Max 256GB Swap Grade A,Direto América,Swap iPhone 17 Pro Max 256GB Silver Grado A Menos ( Garantia Apple),,"5.828,05",4.9935,2026-10-07
2026-10-08 13:57,Celular Apple iPhone 17 Pro Max 256GB Swap Grade A,Direto América,Swap iPhone 17 Pro Max 256GB Blue Grado A Menos - Garantia Apple,,"5.726,25",4.9935,2026-10-07
2026-10-08 13:57,Celular Apple iPhone 17 Pro Max 256GB Swap Grade A,Direto América,Swap iPhone 17 Pro Max 256GB Silver Grado A - Garantia Apple,,"5.853,50",4.9935,2026-10-07
2026-10-08 13:57,Celular Apple iPhone 17 Pro Max 256GB Swap Grade A,Cell World,iPhone 17 Pro Max 256 Usado Blue Grade A,,"6.718,80",4.9935,2026-10-07
2026-10-08 13:57,Celular Apple iPhone 17 Pro Max 256GB Swap Grade A,?,Fone de Ouvido Apple EarPods USB-C,,A partir de,4.9935,2026-10-07
2026-10-08 13:57,Celular Apple iPhone 17 Pro Max 256GB Swap Grade A,?,Fone de Ouvido Apple EarPods Lightning,,A partir de,4.9935,2026-10-07
2026-10-08 13:57,Celular Apple iPhone 17 Pro Max 256GB Swap Grade A,?,Fone de Ouvido Apple AirPods Pro 3 Bluetooth,,A partir de,4.9935,2026-10-07
2026-10-08 13:57,Celular Apple iPhone 17 Pro Max 256GB Swap Grade A,?,Fone de Ouvido Apple AirPods Max 2 Bluetooth,,A partir de,4.9935,2026-10-07
2026-10-08 13:57,Celular Apple iPhone 17 Pro Max 256GB Swap Grade A,?,Fone de Ouvido Apple AirPods 5 Bluetooth,,A partir de,4.9935,2026-10-07
2026-10-08 13:57,Celular Apple iPhone 17 Pro Max 256GB Recondicionado,One Click,Apple iPhone 17 Pro Max 256GB A3257 LL Tela Super Retina XDR 6.9 / Cam Tripla 48+48+48MP/18MP Center Stage / Ios 26 - Cosmic Orange (As Is A-),,"5.843,32",4.9935,2026-10-07
2026-10-08 13:57,Celular Apple iPhone 17 Pro Max 256GB Recondicionado,Shopping China,Celular Apple iPhone 17 Pro Max 256GB Orange Asis,,"6.260,70",4.9935,2026-10-07
2026-10-08 13:57,Celular Apple iPhone 17 Pro Max 256GB Recondicionado,Mundo do Celular,iPhone 17 Pro Max 256GB Orange Swap c/Garantia Apple,,"5.828,05",4.9935,2026-10-07
2026-10-08 13:57,Celular Apple iPhone 17 Pro Max 256GB Recondicionado,Mundo do Celular,iPhone 17 Pro Max 256GB Deep Blue Swap c/Garantia Apple,,"5.828,05",4.9935,2026-10-07
2026-10-08 13:57,Celular Apple iPhone 17 Pro Max 256GB Recondicionado,Melody,iPhone 17 Pro Max 256GB Usa Asis Silver,,"6.006,20",4.9935,2026-10-07
2026-10-08 13:57,Celular Apple iPhone 17 Pro Max 256GB Recondicionado,?,Fone de Ouvido Apple EarPods USB-C,,A partir de,4.9935,2026-10-07
2026-10-08 13:57,Celular Apple iPhone 17 Pro Max 256GB Recondicionado,?,Fone de Ouvido Apple EarPods Lightning,,A partir de,4.9935,2026-10-07
2026-10-08 13:57,Celular Apple iPhone 17 Pro Max 256GB Recondicionado,?,Fone de Ouvido Apple AirPods Pro 3 Bluetooth,,A partir de,4.9935,2026-10-07
2026-10-08 13:57,Celular Apple iPhone 17 Pro Max 256GB Recondicionado,?,Fone de Ouvido Apple AirPods Max 2 Bluetooth,,A partir de,4.9935,2026-10-07
2026-10-08 13:57,Celular Apple iPhone 17 Pro Max 256GB Recondicionado,?,Fone de Ouvido Apple AirPods 5 Bluetooth,,A partir de,4.9935,2026-10-07
2026-10-08 13:57,Celular Apple iPhone 17 Pro Max 1TB Recondicionado,Mini Carlos,Cel iPhone 17 Pro Max 1TB Silver Swap,,"7.329,60",4.9935,2026-10-07
2026-10-08 13:57,Celular Apple iPhone 17 Pro Max 1TB Recondicionado,?,Fone de Ouvido Apple EarPods USB-C,,A partir de,4.9935,2026-10-07
2026-10-08 13:57,Celular Apple iPhone 17 Pro Max 1TB Recondicionado,?,Fone de Ouvido Apple EarPods Lightning,,A partir de,4.9935,2026-10-07
2026-10-08 13:57,Celular Apple iPhone 17 Pro Max 1TB Recondicionado,?,Fone de Ouvido Apple AirPods Pro 3 Bluetooth,,A partir de,4.9935,2026-10-07
2026-10-08 13:57,Celular Apple iPhone 17 Pro Max 1TB Recondicionado,?,Fone de Ouvido Apple AirPods Max 2 Bluetooth,,A partir de,4.9935,2026-10-07
2026-10-08 13:57,Celular Apple iPhone 17 Pro Max 1TB Recondicionado,?,Fone de Ouvido Apple AirPods 5 Bluetooth,,A partir de,4.9935,2026-10-07
2026-10-08 13:57,Celular Apple iPhone 15 Pro Max 256GB Swap Grade C,One Click,Apple iPhone 15 Pro Max 256GB LL Tela Super Retina XDR 6.7 Cam Tripla 48+12+12MP/12MP Ios 17 Black Titanium - Swap 'Grade C' (Esim)(1 Mês Garantia) / Fully Tested - 100% Funcional,,"3.339,04",4.9935,2026-10-07
2026-10-08 13:57,Celular Apple iPhone 15 Pro Max 256GB Swap Grade C,?,Fone de Ouvido Apple EarPods USB-C,,A partir de,4.9935,2026-10-07
2026-10-08 13:57,Celular Apple iPhone 15 Pro Max 256GB Swap Grade C,?,Fone de Ouvido Apple EarPods Lightning,,A partir de,4.9935,2026-10-07
2026-10-08 13:57,Celular Apple iPhone 15 Pro Max 256GB Swap Grade C,?,Fone de Ouvido Apple AirPods Pro 3 Bluetooth,,A partir de,4.9935,2026-10-07
2026-10-08 13:57,Celular Apple iPhone 15 Pro Max 256GB Swap Grade C,?,Fone de Ouvido Apple AirPods Max 2 Bluetooth,,A partir de,4.9935,2026-10-07
2026-10-08 13:57,Celular Apple iPhone 15 Pro Max 256GB Swap Grade C,?,Fone de Ouvido Apple AirPods 5 Bluetooth,,A partir de,4.9935,2026-10-07
2026-10-08 13:57,Celular Motorola Moto G04s XT-2421 Dual Chip 64GB 4G,Mini Carlos,Cel iPhone 17 Pro Max 256GB Azul Japones,,"6.235,25",4.9935,2026-10-07
2026-10-08 13:57,Celular Motorola Moto G04s XT-2421 Dual Chip 64GB 4G,?,Fone de Ouvido Motorola Moto Buds XT-2443 Bluetooth,,A partir de,4.9935,2026-10-07
2026-10-08 13:57,Celular Motorola Moto G04s XT-2421 Dual Chip 64GB 4G,?,Fone de Ouvido Motorola Moto Buds+ XT-2441 Bluetooth,,A partir de,4.9935,2026-10-07
2026-10-08 13:57,Celular Motorola Moto G04s XT-2421 Dual Chip 64GB 4G,?,Fone de Ouvido Motorola Moto Buds Loop XT-2545 Bluetooth,,A partir de,4.9935,2026-10-07
2026-10-08 13:57,Capa Protetora Spigen Nano Pop Hybrid Magfit para iPhone 17 Pro Max - Avo Green (ACS09608),Nissei,Oukitel C68 Plus Dual 256 GB - Dourado,,"788,95",4.9935,2026-10-07
2026-10-08 13:57,Capa Protetora Spigen Nano Pop Hybrid Magfit para iPhone 17 Pro Max - Avo Green (ACS09608),Nissei,Oukitel C68 Plus Dual 256 GB - Azul,,"788,95",4.9935,2026-10-07
2026-10-08 13:57,Capa Protetora Spigen Nano Pop Hybrid Magfit para iPhone 17 Pro Max - Avo Green (ACS09608),Nissei,Xiaomi Poco F9 Pro 5G Dual 256 GB - Aurora Green,,"3.303,41",4.9935,2026-10-07
2026-10-08 13:57,Capa Protetora Spigen Nano Pop Hybrid Magfit para iPhone 17 Pro Max - Avo Green (ACS09608),Nissei,Cel Xiaomi Poco F9 Pro Dual 512GB/12GB Ram 5G Blue,,"3.669,89",4.9935,2026-10-07
2026-10-08 13:57,Capa Protetora Spigen Nano Pop Hybrid Magfit para iPhone 17 Pro Max - Avo Green (ACS09608),Nissei,Oukitel C68 Plus Dual 256 GB - Gray,,"788,95",4.9935,2026-10-07
2026-10-08 13:57,Capa Protetora Spigen Nano Pop Hybrid Magfit para iPhone 17 Pro Max - Avo Green (ACS09608),Nissei,Oukitel C68 Plus Dual 256 GB - Roxo,,"788,95",4.9935,2026-10-07
2026-10-08 13:57,Capa Protetora Spigen Nano Pop Hybrid Magfit para iPhone 17 Pro Max - Avo Green (ACS09608),Nissei,Motorola Moto G35 XT2433-2 5G Dual 256 GB - Midnight Black + Carregador,,"804,22",4.9935,2026-10-07
2026-10-08 13:57,Capa Protetora Spigen Nano Pop Hybrid Magfit para iPhone 17 Pro Max - Avo Green (ACS09608),Nissei,Xiaomi Redmi Note 17 4G Dual 128 GB 4 GB Ram - Preto,,"962,01",4.9935,2026-10-07
2026-10-08 13:57,Capa Protetora Spigen Nano Pop Hybrid Magfit para iPhone 17 Pro Max - Avo Green (ACS09608),Nissei,Xiaomi Redmi Note 17 Pro Max 5G Dual 256 GB 8 GB Ram - Cloud Blush,,"2.000,37",4.9935,2026-10-07
2026-10-08 13:57,Capa Protetora Spigen Nano Pop Hybrid Magfit para iPhone 17 Pro Max - Avo Green (ACS09608),Nissei,Motorola Edge 70 Fusion XT2605-2 5G Dual 256 GB - Pantone Blue Surf + Carregador,,"1.857,85",4.9935,2026-10-07
2026-10-08 13:57,Capa Protetora Spigen Nano Pop Hybrid (Magfit) ACS09607 para iPhone 17 Pro Max - Blueberry Navy,Nissei,Oukitel C68 Plus Dual 256 GB - Dourado,,"788,95",4.9935,2026-10-07
2026-10-08 13:57,Capa Protetora Spigen Nano Pop Hybrid (Magfit) ACS09607 para iPhone 17 Pro Max - Blueberry Navy,Nissei,Oukitel C68 Plus Dual 256 GB - Azul,,"788,95",4.9935,2026-10-07
2026-10-08 13:57,Capa Protetora Spigen Nano Pop Hybrid (Magfit) ACS09607 para iPhone 17 Pro Max - Blueberry Navy,Nissei,Xiaomi Poco F9 Pro 5G Dual 256 GB - Aurora Green,,"3.303,41",4.9935,2026-10-07
2026-10-08 13:57,Capa Protetora Spigen Nano Pop Hybrid (Magfit) ACS09607 para iPhone 17 Pro Max - Blueberry Navy,Nissei,Cel Xiaomi Poco F9 Pro Dual 512GB/12GB Ram 5G Blue,,"3.669,89",4.9935,2026-10-07
2026-10-08 13:57,Capa Protetora Spigen Nano Pop Hybrid (Magfit) ACS09607 para iPhone 17 Pro Max - Blueberry Navy,Nissei,Oukitel C68 Plus Dual 256 GB - Gray,,"788,95",4.9935,2026-10-07
2026-10-08 13:57,Capa Protetora Spigen Nano Pop Hybrid (Magfit) ACS09607 para iPhone 17 Pro Max - Blueberry Navy,Nissei,Oukitel C68 Plus Dual 256 GB - Roxo,,"788,95",4.9935,2026-10-07
2026-10-08 13:57,Capa Protetora Spigen Nano Pop Hybrid (Magfit) ACS09607 para iPhone 17 Pro Max - Blueberry Navy,Nissei,Motorola Moto G35 XT2433-2 5G Dual 256 GB - Midnight Black + Carregador,,"804,22",4.9935,2026-10-07
2026-10-08 13:57,Capa Protetora Spigen Nano Pop Hybrid (Magfit) ACS09607 para iPhone 17 Pro Max - Blueberry Navy,Nissei,Xiaomi Redmi Note 17 4G Dual 128 GB 4 GB Ram - Preto,,"962,01",4.9935,2026-10-07
2026-10-08 13:57,Capa Protetora Spigen Nano Pop Hybrid (Magfit) ACS09607 para iPhone 17 Pro Max - Blueberry Navy,Nissei,Xiaomi Redmi Note 17 Pro Max 5G Dual 256 GB 8 GB Ram - Cloud Blush,,"2.000,37",4.9935,2026-10-07
2026-10-08 13:57,Capa Protetora Spigen Nano Pop Hybrid (Magfit) ACS09607 para iPhone 17 Pro Max - Blueberry Navy,Nissei,Motorola Edge 70 Fusion XT2605-2 5G Dual 256 GB - Pantone Blue Surf + Carregador,,"1.857,85",4.9935,2026-10-07
2026-10-08 13:57,Capa Protetora Spigen Core Armor Magfit para iPhone 17 Pro Max - Marble Gray (ACS09672),Nissei,Oukitel C68 Plus Dual 256 GB - Dourado,,"788,95",4.9935,2026-10-07
2026-10-08 13:57,Capa Protetora Spigen Core Armor Magfit para iPhone 17 Pro Max - Marble Gray (ACS09672),Nissei,Oukitel C68 Plus Dual 256 GB - Azul,,"788,95",4.9935,2026-10-07
2026-10-08 13:57,Capa Protetora Spigen Core Armor Magfit para iPhone 17 Pro Max - Marble Gray (ACS09672),Nissei,Xiaomi Poco F9 Pro 5G Dual 256 GB - Aurora Green,,"3.303,41",4.9935,2026-10-07
2026-10-08 13:57,Capa Protetora Spigen Core Armor Magfit para iPhone 17 Pro Max - Marble Gray (ACS09672),Nissei,Cel Xiaomi Poco F9 Pro Dual 512GB/12GB Ram 5G Blue,,"3.669,89",4.9935,2026-10-07
2026-10-08 13:57,Capa Protetora Spigen Core Armor Magfit para iPhone 17 Pro Max - Marble Gray (ACS09672),Nissei,Oukitel C68 Plus Dual 256 GB - Gray,,"788,95",4.9935,2026-10-07
2026-10-08 13:57,Capa Protetora Spigen Core Armor Magfit para iPhone 17 Pro Max - Marble Gray (ACS09672),Nissei,Oukitel C68 Plus Dual 256 GB - Roxo,,"788,95",4.9935,2026-10-07
2026-10-08 13:57,Capa Protetora Spigen Core Armor Magfit para iPhone 17 Pro Max - Marble Gray (ACS09672),Nissei,Motorola Moto G35 XT2433-2 5G Dual 256 GB - Midnight Black + Carregador,,"804,22",4.9935,2026-10-07
2026-10-08 13:57,Capa Protetora Spigen Core Armor Magfit para iPhone 17 Pro Max - Marble Gray (ACS09672),Nissei,Xiaomi Redmi Note 17 4G Dual 128 GB 4 GB Ram - Preto,,"962,01",4.9935,2026-10-07
2026-10-08 13:57,Capa Protetora Spigen Core Armor Magfit para iPhone 17 Pro Max - Marble Gray (ACS09672),Nissei,Xiaomi Redmi Note 17 Pro Max 5G Dual 256 GB 8 GB Ram - Cloud Blush,,"2.000,37",4.9935,2026-10-07
2026-10-08 13:57,Capa Protetora Spigen Core Armor Magfit para iPhone 17 Pro Max - Marble Gray (ACS09672),Nissei,Motorola Edge 70 Fusion XT2605-2 5G Dual 256 GB - Pantone Blue Surf + Carregador,,"1.857,85",4.9935,2026-10-07
2026-10-08 13:57,Estojo Protetor Spigen Core Armor Magfit para iPhone 17 Pro Max - Matte Black (ACS09596),Nissei,Oukitel C68 Plus Dual 256 GB - Dourado,,"788,95",4.9935,2026-10-07
2026-10-08 13:57,Estojo Protetor Spigen Core Armor Magfit para iPhone 17 Pro Max - Matte Black (ACS09596),Nissei,Oukitel C68 Plus Dual 256 GB - Azul,,"788,95",4.9935,2026-10-07
2026-10-08 13:57,Estojo Protetor Spigen Core Armor Magfit para iPhone 17 Pro Max - Matte Black (ACS09596),Nissei,Xiaomi Poco F9 Pro 5G Dual 256 GB - Aurora Green,,"3.303,41",4.9935,2026-10-07
2026-10-08 13:57,Estojo Protetor Spigen Core Armor Magfit para iPhone 17 Pro Max - Matte Black (ACS09596),Nissei,Cel Xiaomi Poco F9 Pro Dual 512GB/12GB Ram 5G Blue,,"3.669,89",4.9935,2026-10-07
2026-10-08 13:57,Estojo Protetor Spigen Core Armor Magfit para iPhone 17 Pro Max - Matte Black (ACS09596),Nissei,Oukitel C68 Plus Dual 256 GB - Gray,,"788,95",4.9935,2026-10-07
2026-10-08 13:57,Estojo Protetor Spigen Core Armor Magfit para iPhone 17 Pro Max - Matte Black (ACS09596),Nissei,Oukitel C68 Plus Dual 256 GB - Roxo,,"788,95",4.9935,2026-10-07
2026-10-08 13:57,Estojo Protetor Spigen Core Armor Magfit para iPhone 17 Pro Max - Matte Black (ACS09596),Nissei,Motorola Moto G35 XT2433-2 5G Dual 256 GB - Midnight Black + Carregador,,"804,22",4.9935,2026-10-07
2026-10-08 13:57,Estojo Protetor Spigen Core Armor Magfit para iPhone 17 Pro Max - Matte Black (ACS09596),Nissei,Xiaomi Redmi Note 17 4G Dual 128 GB 4 GB Ram - Preto,,"962,01",4.9935,2026-10-07
2026-10-08 13:57,Estojo Protetor Spigen Core Armor Magfit para iPhone 17 Pro Max - Matte Black (ACS09596),Nissei,Xiaomi Redmi Note 17 Pro Max 5G Dual 256 GB 8 GB Ram - Cloud Blush,,"2.000,37",4.9935,2026-10-07
2026-10-08 13:57,Estojo Protetor Spigen Core Armor Magfit para iPhone 17 Pro Max - Matte Black (ACS09596),Nissei,Motorola Edge 70 Fusion XT2605-2 5G Dual 256 GB - Pantone Blue Surf + Carregador,,"1.857,85",4.9935,2026-10-07
2026-10-08 13:57,Estojo Protetor Spigen Slim Armor (Magfit) para iPhone 17 Pro Max - Frost Black (ACS09674),Nissei,Oukitel C68 Plus Dual 256 GB - Dourado,,"788,95",4.9935,2026-10-07
2026-10-08 13:57,Estojo Protetor Spigen Slim Armor (Magfit) para iPhone 17 Pro Max - Frost Black (ACS09674),Nissei,Oukitel C68 Plus Dual 256 GB - Azul,,"788,95",4.9935,2026-10-07
2026-10-08 13:57,Estojo Protetor Spigen Slim Armor (Magfit) para iPhone 17 Pro Max - Frost Black (ACS09674),Nissei,Xiaomi Poco F9 Pro 5G Dual 256 GB - Aurora Green,,"3.303,41",4.9935,2026-10-07
2026-10-08 13:57,Estojo Protetor Spigen Slim Armor (Magfit) para iPhone 17 Pro Max - Frost Black (ACS09674),Nissei,Cel Xiaomi Poco F9 Pro Dual 512GB/12GB Ram 5G Blue,,"3.669,89",4.9935,2026-10-07
2026-10-08 13:57,Estojo Protetor Spigen Slim Armor (Magfit) para iPhone 17 Pro Max - Frost Black (ACS09674),Nissei,Oukitel C68 Plus Dual 256 GB - Gray,,"788,95",4.9935,2026-10-07
2026-10-08 13:57,Estojo Protetor Spigen Slim Armor (Magfit) para iPhone 17 Pro Max - Frost Black (ACS09674),Nissei,Oukitel C68 Plus Dual 256 GB - Roxo,,"788,95",4.9935,2026-10-07
2026-10-08 13:57,Estojo Protetor Spigen Slim Armor (Magfit) para iPhone 17 Pro Max - Frost Black (ACS09674),Nissei,Motorola Moto G35 XT2433-2 5G Dual 256 GB - Midnight Black + Carregador,,"804,22",4.9935,2026-10-07
2026-10-08 13:57,Estojo Protetor Spigen Slim Armor (Magfit) para iPhone 17 Pro Max - Frost Black (ACS09674),Nissei,Xiaomi Redmi Note 17 4G Dual 128 GB 4 GB Ram - Preto,,"962,01",4.9935,2026-10-07
2026-10-08 13:57,Estojo Protetor Spigen Slim Armor (Magfit) para iPhone 17 Pro Max - Frost Black (ACS09674),Nissei,Xiaomi Redmi Note 17 Pro Max 5G Dual 256 GB 8 GB Ram - Cloud Blush,,"2.000,37",4.9935,2026-10-07
2026-10-08 13:57,Estojo Protetor Spigen Slim Armor (Magfit) para iPhone 17 Pro Max - Frost Black (ACS09674),Nissei,Motorola Edge 70 Fusion XT2605-2 5G Dual 256 GB - Pantone Blue Surf + Carregador,,"1.857,85",4.9935,2026-10-07
2026-10-08 13:57,Estojo Protetor Smallrig 5551 para iPhone 17 Pro Max - Preto,Nissei,Oukitel C68 Plus Dual 256 GB - Dourado,,"788,95",4.9935,2026-10-07
2026-10-08 13:57,Estojo Protetor Smallrig 5551 para iPhone 17 Pro Max - Preto,Nissei,Oukitel C68 Plus Dual 256 GB - Azul,,"788,95",4.9935,2026-10-07
2026-10-08 13:57,Estojo Protetor Smallrig 5551 para iPhone 17 Pro Max - Preto,Nissei,Xiaomi Poco F9 Pro 5G Dual 256 GB - Aurora Green,,"3.303,41",4.9935,2026-10-07
2026-10-08 13:57,Estojo Protetor Smallrig 5551 para iPhone 17 Pro Max - Preto,Nissei,Cel Xiaomi Poco F9 Pro Dual 512GB/12GB Ram 5G Blue,,"3.669,89",4.9935,2026-10-07
2026-10-08 13:57,Estojo Protetor Smallrig 5551 para iPhone 17 Pro Max - Preto,Nissei,Oukitel C68 Plus Dual 256 GB - Gray,,"788,95",4.9935,2026-10-07
2026-10-08 13:57,Estojo Protetor Smallrig 5551 para iPhone 17 Pro Max - Preto,Nissei,Oukitel C68 Plus Dual 256 GB - Roxo,,"788,95",4.9935,2026-10-07
2026-10-08 13:57,Estojo Protetor Smallrig 5551 para iPhone 17 Pro Max - Preto,Nissei,Motorola Moto G35 XT2433-2 5G Dual 256 GB - Midnight Black + Carregador,,"804,22",4.9935,2026-10-07
2026-10-08 13:57,Estojo Protetor Smallrig 5551 para iPhone 17 Pro Max - Preto,Nissei,Xiaomi Redmi Note 17 4G Dual 128 GB 4 GB Ram - Preto,,"962,01",4.9935,2026-10-07
2026-10-08 13:57,Estojo Protetor Smallrig 5551 para iPhone 17 Pro Max - Preto,Nissei,Xiaomi Redmi Note 17 Pro Max 5G Dual 256 GB 8 GB Ram - Cloud Blush,,"2.000,37",4.9935,2026-10-07
2026-10-08 13:57,Estojo Protetor Smallrig 5551 para iPhone 17 Pro Max - Preto,Nissei,Motorola Edge 70 Fusion XT2605-2 5G Dual 256 GB - Pantone Blue Surf + Carregador,,"1.857,85",4.9935,2026-10-07
2026-10-08 13:57,Estojo Protetora Apple Magsafe para iPhone 17 Pro Max MGFR4ZM/A - Preto,Nissei,Oukitel C68 Plus Dual 256 GB - Dourado,,"788,95",4.9935,2026-10-07
2026-10-08 13:57,Estojo Protetora Apple Magsafe para iPhone 17 Pro Max MGFR4ZM/A - Preto,Nissei,Oukitel C68 Plus Dual 256 GB - Azul,,"788,95",4.9935,2026-10-07
2026-10-08 13:57,Estojo Protetora Apple Magsafe para iPhone 17 Pro Max MGFR4ZM/A - Preto,Nissei,Xiaomi Poco F9 Pro 5G Dual 256 GB - Aurora Green,,"3.303,41",4.9935,2026-10-07
2026-10-08 13:57,Estojo Protetora Apple Magsafe para iPhone 17 Pro Max MGFR4ZM/A - Preto,Nissei,Cel Xiaomi Poco F9 Pro Dual 512GB/12GB Ram 5G Blue,,"3.669,89",4.9935,2026-10-07
2026-10-08 13:57,Estojo Protetora Apple Magsafe para iPhone 17 Pro Max MGFR4ZM/A - Preto,Nissei,Oukitel C68 Plus Dual 256 GB - Gray,,"788,95",4.9935,2026-10-07
2026-10-08 13:57,Estojo Protetora Apple Magsafe para iPhone 17 Pro Max MGFR4ZM/A - Preto,Nissei,Oukitel C68 Plus Dual 256 GB - Roxo,,"788,95",4.9935,2026-10-07
2026-10-08 13:57,Estojo Protetora Apple Magsafe para iPhone 17 Pro Max MGFR4ZM/A - Preto,Nissei,Motorola Moto G35 XT2433-2 5G Dual 256 GB - Midnight Black + Carregador,,"804,22",4.9935,2026-10-07
2026-10-08 13:57,Estojo Protetora Apple Magsafe para iPhone 17 Pro Max MGFR4ZM/A - Preto,Nissei,Xiaomi Redmi Note 17 4G Dual 128 GB 4 GB Ram - Preto,,"962,01",4.9935,2026-10-07
2026-10-08 13:57,Estojo Protetora Apple Magsafe para iPhone 17 Pro Max MGFR4ZM/A - Preto,Nissei,Xiaomi Redmi Note 17 Pro Max 5G Dual 256 GB 8 GB Ram - Cloud Blush,,"2.000,37",4.9935,2026-10-07
2026-10-08 13:57,Estojo Protetora Apple Magsafe para iPhone 17 Pro Max MGFR4ZM/A - Preto,Nissei,Motorola Edge 70 Fusion XT2605-2 5G Dual 256 GB - Pantone Blue Surf + Carregador,,"1.857,85",4.9935,2026-10-07
2026-10-08 13:57,Estojo Protetora Apple Magsafe para iPhone 17 Pro Max MGFW4LL/A - Transparente,Nissei,Oukitel C68 Plus Dual 256 GB - Dourado,,"788,95",4.9935,2026-10-07
2026-10-08 13:57,Estojo Protetora Apple Magsafe para iPhone 17 Pro Max MGFW4LL/A - Transparente,Nissei,Oukitel C68 Plus Dual 256 GB - Azul,,"788,95",4.9935,2026-10-07
2026-10-08 13:57,Estojo Protetora Apple Magsafe para iPhone 17 Pro Max MGFW4LL/A - Transparente,Nissei,Xiaomi Poco F9 Pro 5G Dual 256 GB - Aurora Green,,"3.303,41",4.9935,2026-10-07
2026-10-08 13:57,Estojo Protetora Apple Magsafe para iPhone 17 Pro Max MGFW4LL/A - Transparente,Nissei,Cel Xiaomi Poco F9 Pro Dual 512GB/12GB Ram 5G Blue,,"3.669,89",4.9935,2026-10-07
2026-10-08 13:57,Estojo Protetora Apple Magsafe para iPhone 17 Pro Max MGFW4LL/A - Transparente,Nissei,Oukitel C68 Plus Dual 256 GB - Gray,,"788,95",4.9935,2026-10-07
2026-10-08 13:57,Estojo Protetora Apple Magsafe para iPhone 17 Pro Max MGFW4LL/A - Transparente,Nissei,Oukitel C68 Plus Dual 256 GB - Roxo,,"788,95",4.9935,2026-10-07
2026-10-08 13:57,Estojo Protetora Apple Magsafe para iPhone 17 Pro Max MGFW4LL/A - Transparente,Nissei,Motorola Moto G35 XT2433-2 5G Dual 256 GB - Midnight Black + Carregador,,"804,22",4.9935,2026-10-07
2026-10-08 13:57,Estojo Protetora Apple Magsafe para iPhone 17 Pro Max MGFW4LL/A - Transparente,Nissei,Xiaomi Redmi Note 17 4G Dual 128 GB 4 GB Ram - Preto,,"962,01",4.9935,2026-10-07
2026-10-08 13:57,Estojo Protetora Apple Magsafe para iPhone 17 Pro Max MGFW4LL/A - Transparente,Nissei,Xiaomi Redmi Note 17 Pro Max 5G Dual 256 GB 8 GB Ram - Cloud Blush,,"2.000,37",4.9935,2026-10-07
2026-10-08 13:57,Estojo Protetora Apple Magsafe para iPhone 17 Pro Max MGFW4LL/A - Transparente,Nissei,Motorola Edge 70 Fusion XT2605-2 5G Dual 256 GB - Pantone Blue Surf + Carregador,,"1.857,85",4.9935,2026-10-07
